Time,SRC_ADDR,SRC_PORT,DST_ADDR,DST_PORT,PROTOCOL,IN_BYTES,OUT_BYTES,IN_PKTS,OUT_PKTS,TCP_FLAGS,FLOW_DURATION_MILLISECONDS,ACTION,Prediction
14-04-2025 22:21:49,192.168.1.84,11321.0,13.107.246.45,443.0,TCP,0,55,0,1,ACK,0.0,allow,0
14-04-2025 22:21:49,13.107.246.45,443.0,192.168.1.84,11321.0,TCP,66,55,1,1,ACK,47.379,allow,0
14-04-2025 22:21:53,192.168.1.84,6881.0,18.218.241.3,6881.0,UDP,66,201,1,2,ACK,3739.15,allow,0
14-04-2025 22:21:54,18.218.241.3,6881.0,192.168.1.84,6881.0,UDP,184,201,2,2,ACK,4830.040999999999,allow,0
14-04-2025 22:21:56,192.168.1.84,11322.0,20.42.73.31,443.0,TCP,184,256,2,3,ACK,7277.963,allow,0
14-04-2025 22:21:56,20.42.73.31,443.0,192.168.1.84,11322.0,TCP,250,256,3,3,ACK,7485.96,allow,0
14-04-2025 22:21:57,192.168.1.2,41761.0,192.168.1.84,137.0,UDP,342,256,4,3,ACK,8205.598,deny,1
14-04-2025 22:21:57,192.168.1.2,41791.0,192.168.1.84,137.0,UDP,434,256,5,3,ACK,8214.124,deny,1
14-04-2025 22:21:58,192.168.1.84,6881.0,95.71.203.47,10313.0,UDP,434,402,5,4,ACK,8749.079,allow,0
14-04-2025 22:21:58,95.71.203.47,10313.0,192.168.1.84,6881.0,UDP,793,402,6,4,ACK,8790.443,allow,0
14-04-2025 22:22:03,192.168.1.84,6881.0,121.121.57.185,2957.0,UDP,793,548,6,5,ACK,13753.053,allow,0
14-04-2025 22:22:05,192.168.1.2,,224.0.0.1,,OTHER,0,60,0,1,,0.0,deny,1
14-04-2025 22:22:07,192.168.1.85,,224.0.0.251,,OTHER,0,46,0,1,,0.0,allow,0
14-04-2025 22:22:08,192.168.1.84,6881.0,180.175.162.62,7000.0,UDP,793,694,6,6,ACK,18771.135,allow,0
14-04-2025 22:22:08,192.168.1.2,,239.255.255.250,,OTHER,0,120,0,2,,2674.663,deny,1
14-04-2025 22:22:10,192.168.1.84,,224.0.0.252,,OTHER,793,740,6,7,ACK,20741.287,deny,1
14-04-2025 22:22:13,192.168.1.84,6881.0,18.218.241.3,6881.0,UDP,793,886,6,8,ACK,23775.978,allow,0
14-04-2025 22:22:14,192.168.1.84,,239.192.152.143,,OTHER,793,932,6,9,ACK,24726.712,deny,1
14-04-2025 22:22:14,18.218.241.3,6881.0,192.168.1.84,6881.0,UDP,911,932,7,9,ACK,24798.843,allow,0
14-04-2025 22:22:15,192.168.1.84,53240.0,192.168.1.2,53.0,UDP,90,120,1,2,,9632.302,allow,0
14-04-2025 22:22:15,192.168.1.2,53.0,192.168.1.84,53240.0,UDP,1119,932,8,9,ACK,26137.79,allow,0
14-04-2025 22:22:15,192.168.1.84,11333.0,20.189.173.14,443.0,TCP,1119,998,8,10,"ACK,SYN",26140.638,allow,0
14-04-2025 22:22:15,192.168.1.84,11320.0,13.107.246.45,443.0,TCP,1119,1053,8,11,"ACK,SYN",26140.638,allow,0
14-04-2025 22:22:15,13.107.246.45,443.0,192.168.1.84,11320.0,TCP,1185,1053,9,11,"ACK,SYN",26170.504,allow,0
14-04-2025 22:22:15,20.189.173.14,443.0,192.168.1.84,11333.0,TCP,1251,1053,10,11,"SYN,ACK,ACK,SYN",26336.653,allow,0
14-04-2025 22:22:15,192.168.1.84,11333.0,20.189.173.14,443.0,TCP,1251,1107,10,12,"SYN,ACK,ACK,SYN",26340.75,allow,0
14-04-2025 22:22:15,192.168.1.84,11333.0,20.189.173.14,443.0,TCP,1251,1548,10,13,"SYN,ACK,ACK,SYN,ACK,PSH",26342.695,allow,0
14-04-2025 22:22:16,20.189.173.14,443.0,192.168.1.84,11333.0,TCP,1404,1548,11,13,"SYN,ACK,ACK,SYN,ACK,PSH",26643.51,allow,0
14-04-2025 22:22:16,192.168.1.84,11333.0,20.189.173.14,443.0,TCP,1404,1602,11,14,"SYN,ACK,ACK,SYN,ACK,PSH",26649.538,allow,0
14-04-2025 22:22:16,192.168.1.84,11333.0,20.189.173.14,443.0,TCP,1404,2114,11,15,"SYN,ACK,ACK,SYN,ACK,PSH",26657.691,allow,0
14-04-2025 22:22:16,20.189.173.14,443.0,192.168.1.84,11333.0,TCP,2918,2114,12,15,"SYN,ACK,ACK,SYN,ACK,PSH",27054.479,allow,0
14-04-2025 22:22:16,192.168.1.84,11333.0,20.189.173.14,443.0,TCP,2918,2168,12,16,"SYN,ACK,ACK,SYN,ACK,PSH",27058.111,allow,0
14-04-2025 22:22:16,20.189.173.14,443.0,192.168.1.84,11333.0,TCP,7352,2168,13,16,"SYN,ACK,ACK,SYN,ACK,PSH",27063.37,allow,0
14-04-2025 22:22:16,20.189.173.14,443.0,192.168.1.84,11333.0,TCP,7963,2168,14,16,"SYN,ACK,ACK,SYN,ACK,PSH",27063.37,allow,0
14-04-2025 22:22:16,192.168.1.84,11333.0,20.189.173.14,443.0,TCP,7963,2222,14,17,"SYN,ACK,ACK,SYN,ACK,PSH",27071.291,allow,0
14-04-2025 22:22:16,192.168.1.84,11333.0,20.189.173.14,443.0,TCP,7963,2350,14,18,"SYN,ACK,ACK,SYN,ACK,PSH",27074.114,allow,0
14-04-2025 22:22:16,192.168.1.84,11333.0,20.189.173.14,443.0,TCP,7963,3400,14,19,"SYN,ACK,ACK,SYN,ACK,PSH",27144.076,allow,0
14-04-2025 22:22:16,20.189.173.14,443.0,192.168.1.84,11333.0,TCP,8120,3400,15,19,"SYN,ACK,ACK,SYN,ACK,PSH",27360.383,allow,0
14-04-2025 22:22:16,20.189.173.14,443.0,192.168.1.84,11333.0,TCP,8180,3400,16,19,"SYN,ACK,ACK,SYN,ACK,PSH",27366.784,allow,0
14-04-2025 22:22:16,192.168.1.84,11333.0,20.189.173.14,443.0,TCP,8180,3454,16,20,"SYN,ACK,ACK,SYN,ACK,PSH",27368.676,allow,0
14-04-2025 22:22:17,20.189.173.14,443.0,192.168.1.84,11333.0,TCP,8754,3454,17,20,"SYN,ACK,ACK,SYN,ACK,PSH",27803.049000000003,allow,0
14-04-2025 22:22:17,192.168.1.84,11333.0,20.189.173.14,443.0,TCP,8754,3508,17,21,"SYN,ACK,ACK,SYN,ACK,PSH",27818.646,allow,0
14-04-2025 22:22:18,192.168.1.84,6881.0,176.213.108.48,22859.0,UDP,8754,3654,17,22,"SYN,ACK,ACK,SYN,ACK,PSH",28784.087,allow,0
14-04-2025 22:22:18,192.168.1.2,59251.0,239.255.255.250,1900.0,UDP,90,542,1,3,,12515.545,allow,0
14-04-2025 22:22:18,192.168.1.2,59251.0,239.255.255.250,1900.0,UDP,90,973,1,4,,12515.545,allow,0
14-04-2025 22:22:18,192.168.1.2,59251.0,239.255.255.250,1900.0,UDP,90,1467,1,5,,12515.545,allow,0
14-04-2025 22:22:18,192.168.1.2,59251.0,239.255.255.250,1900.0,UDP,90,1957,1,6,,12525.921,allow,0
14-04-2025 22:22:18,192.168.1.2,59251.0,239.255.255.250,1900.0,UDP,90,2427,1,7,,12530.609,allow,0
14-04-2025 22:22:18,192.168.1.2,59251.0,239.255.255.250,1900.0,UDP,90,2929,1,8,,12534.689,allow,0
14-04-2025 22:22:18,192.168.1.2,59251.0,239.255.255.250,1900.0,UDP,90,3413,1,9,,12540.318,allow,0
14-04-2025 22:22:18,192.168.1.2,59251.0,239.255.255.250,1900.0,UDP,90,3899,1,10,,12544.791,allow,0
14-04-2025 22:22:18,192.168.1.2,59251.0,239.255.255.250,1900.0,UDP,90,4385,1,11,,12547.277,allow,0
14-04-2025 22:22:23,192.168.1.84,6881.0,161.65.77.248,6881.0,UDP,8754,3800,17,23,"SYN,ACK,ACK,SYN,ACK,PSH",33792.186,allow,0
14-04-2025 22:22:28,192.168.1.84,6881.0,89.149.197.198,62422.0,UDP,8754,3946,17,24,"SYN,ACK,ACK,SYN,ACK,PSH",38808.926,allow,0
14-04-2025 22:22:28,89.149.197.198,62422.0,192.168.1.84,6881.0,UDP,9105,3946,18,24,"SYN,ACK,ACK,SYN,ACK,PSH",38860.554,allow,0
14-04-2025 22:22:31,192.168.1.84,11317.0,13.107.5.93,443.0,TCP,9105,4001,18,25,"SYN,ACK,ACK,SYN,ACK,PSH",42294.647,allow,0
14-04-2025 22:22:31,13.107.5.93,443.0,192.168.1.84,11317.0,TCP,9171,4001,19,25,"SYN,ACK,ACK,SYN,ACK,PSH",42335.322,allow,0
14-04-2025 22:22:32,13.107.246.45,443.0,192.168.1.84,11318.0,TCP,9264,4001,20,25,"SYN,ACK,ACK,SYN,ACK,PSH",43133.942,allow,0
14-04-2025 22:22:32,13.107.246.45,443.0,192.168.1.84,11318.0,TCP,9342,4001,21,25,"SYN,ACK,ACK,SYN,ACK,PSH",43137.482,allow,0
14-04-2025 22:22:32,13.107.246.45,443.0,192.168.1.84,11318.0,TCP,9402,4001,22,25,"ACK,ACK,PSH,SYN,SYN,ACK,ACK,FIN",43144.19,allow,0
14-04-2025 22:22:32,192.168.1.84,11318.0,13.107.246.45,443.0,TCP,9402,4055,22,26,"ACK,ACK,PSH,SYN,SYN,ACK,ACK,FIN",43148.019,allow,0
14-04-2025 22:22:32,192.168.1.84,11318.0,13.107.246.45,443.0,TCP,9402,4109,22,27,"ACK,ACK,PSH,SYN,SYN,ACK,ACK,FIN",43149.135,allow,0
14-04-2025 22:22:32,13.107.246.45,443.0,192.168.1.84,11318.0,TCP,9462,4109,23,27,"ACK,ACK,PSH,SYN,SYN,ACK,ACK,FIN",43177.561,allow,0
14-04-2025 22:22:33,192.168.1.84,6881.0,45.87.251.185,56472.0,UDP,9462,4255,23,28,"ACK,ACK,PSH,SYN,SYN,ACK,ACK,FIN",43823.832,allow,0
14-04-2025 22:22:33,45.87.251.185,56472.0,192.168.1.84,6881.0,UDP,9813,4255,24,28,"ACK,ACK,PSH,SYN,SYN,ACK,ACK,FIN",43864.779,allow,0
14-04-2025 22:22:34,13.107.246.45,443.0,192.168.1.84,11321.0,TCP,9906,4255,25,28,"ACK,ACK,PSH,SYN,SYN,ACK,ACK,FIN",44974.772,allow,0
14-04-2025 22:22:34,13.107.246.45,443.0,192.168.1.84,11321.0,TCP,9984,4255,26,28,"ACK,ACK,PSH,SYN,ACK,FIN,PSH,SYN,ACK,ACK,FIN",44978.958,allow,0
14-04-2025 22:22:34,192.168.1.84,11321.0,13.107.246.45,443.0,TCP,9984,4309,26,29,"ACK,ACK,PSH,SYN,ACK,FIN,PSH,SYN,ACK,ACK,FIN",44979.427,allow,0
14-04-2025 22:22:34,192.168.1.84,11321.0,13.107.246.45,443.0,TCP,9984,4363,26,30,"ACK,ACK,PSH,SYN,ACK,FIN,PSH,SYN,ACK,ACK,FIN",44979.427,allow,0
14-04-2025 22:22:34,13.107.246.45,443.0,192.168.1.84,11321.0,TCP,10044,4363,27,30,"ACK,ACK,PSH,SYN,ACK,FIN,PSH,SYN,ACK,ACK,FIN",45018.103,allow,0
14-04-2025 22:22:38,192.168.1.84,6881.0,213.89.229.141,6881.0,UDP,10044,4509,27,31,"ACK,ACK,PSH,SYN,ACK,FIN,PSH,SYN,ACK,ACK,FIN",48826.58700000001,allow,0
14-04-2025 22:22:41,192.168.1.84,11322.0,20.42.73.31,443.0,TCP,10044,4564,27,32,"ACK,ACK,PSH,SYN,ACK,FIN,PSH,SYN,ACK,ACK,FIN",52496.99,allow,0
14-04-2025 22:22:42,20.42.73.31,443.0,192.168.1.84,11322.0,TCP,10110,4564,28,32,"ACK,ACK,PSH,SYN,ACK,FIN,PSH,SYN,ACK,ACK,FIN",52654.886,allow,0
14-04-2025 22:22:43,192.168.1.84,6881.0,5.228.116.9,4747.0,UDP,10110,4710,28,33,"ACK,ACK,PSH,SYN,ACK,FIN,PSH,SYN,ACK,ACK,FIN",53828.817,allow,0
14-04-2025 22:22:43,5.228.116.9,4747.0,192.168.1.84,6881.0,UDP,10469,4710,29,33,"ACK,ACK,PSH,SYN,ACK,FIN,PSH,SYN,ACK,ACK,FIN",53835.227000000006,allow,0
14-04-2025 22:22:43,192.168.1.2,42871.0,192.168.1.84,137.0,UDP,10561,4710,30,33,"ACK,ACK,PSH,SYN,ACK,FIN,PSH,SYN,ACK,ACK,FIN",54286.175,deny,1
14-04-2025 22:22:43,192.168.1.2,40230.0,192.168.1.84,137.0,UDP,10653,4710,31,33,"ACK,ACK,PSH,SYN,ACK,FIN,PSH,SYN,ACK,ACK,FIN",54299.972,deny,1
14-04-2025 22:22:48,192.168.1.84,6881.0,222.108.66.86,8032.0,UDP,10653,4856,31,34,"ACK,ACK,PSH,SYN,ACK,FIN,PSH,SYN,ACK,ACK,FIN",58842.588,allow,0
14-04-2025 22:22:48,192.168.1.2,59251.0,239.255.255.250,1900.0,UDP,90,4807,1,12,,42512.661,allow,0
14-04-2025 22:22:48,192.168.1.2,59251.0,239.255.255.250,1900.0,UDP,90,5238,1,13,,42523.662,allow,0
14-04-2025 22:22:48,192.168.1.2,59251.0,239.255.255.250,1900.0,UDP,90,5732,1,14,,42523.846,allow,0
14-04-2025 22:22:48,192.168.1.2,59251.0,239.255.255.250,1900.0,UDP,90,6222,1,15,,42528.873,allow,0
14-04-2025 22:22:48,192.168.1.2,59251.0,239.255.255.250,1900.0,UDP,90,6692,1,16,,42528.873,allow,0
14-04-2025 22:22:48,192.168.1.2,59251.0,239.255.255.250,1900.0,UDP,90,7194,1,17,,42533.528,allow,0
14-04-2025 22:22:48,192.168.1.2,59251.0,239.255.255.250,1900.0,UDP,90,7678,1,18,,42535.99,allow,0
14-04-2025 22:22:48,192.168.1.2,59251.0,239.255.255.250,1900.0,UDP,90,8164,1,19,,42539.178,allow,0
14-04-2025 22:22:48,222.108.66.86,8032.0,192.168.1.84,6881.0,UDP,11004,4856,32,34,"ACK,ACK,PSH,SYN,ACK,FIN,PSH,SYN,ACK,ACK,FIN",59109.236,allow,0
14-04-2025 22:22:53,192.168.1.84,6881.0,209.209.10.183,51413.0,UDP,11004,5002,32,35,"ACK,ACK,PSH,SYN,ACK,FIN,PSH,SYN,ACK,ACK,FIN",63851.265,allow,0
14-04-2025 22:22:53,209.209.10.183,51413.0,192.168.1.84,6881.0,UDP,11329,5002,33,35,"ACK,ACK,PSH,SYN,ACK,FIN,PSH,SYN,ACK,ACK,FIN",64014.819,allow,0
14-04-2025 22:22:58,192.168.1.84,6881.0,185.132.178.151,6889.0,UDP,11329,5148,33,36,"ACK,ACK,PSH,SYN,ACK,FIN,PSH,SYN,ACK,ACK,FIN",68849.90000000001,allow,0
14-04-2025 22:22:58,185.132.178.151,6889.0,192.168.1.84,6881.0,UDP,11680,5148,34,36,"ACK,ACK,PSH,SYN,ACK,FIN,PSH,SYN,ACK,ACK,FIN",68933.138,allow,0
14-04-2025 22:23:00,192.168.1.84,11320.0,13.107.246.45,443.0,TCP,11680,5203,34,37,"ACK,ACK,PSH,SYN,ACK,FIN,PSH,SYN,ACK,ACK,FIN",71176.989,allow,0
14-04-2025 22:23:00,13.107.246.45,443.0,192.168.1.84,11320.0,TCP,11773,5203,35,37,"ACK,ACK,PSH,SYN,ACK,FIN,PSH,SYN,ACK,ACK,FIN",71176.989,allow,0
14-04-2025 22:23:00,13.107.246.45,443.0,192.168.1.84,11320.0,TCP,11851,5203,36,37,"ACK,ACK,PSH,SYN,ACK,FIN,PSH,SYN,ACK,ACK,FIN",71189.835,allow,0
14-04-2025 22:23:00,13.107.246.45,443.0,192.168.1.84,11320.0,TCP,11911,5203,37,37,"ACK,ACK,PSH,SYN,ACK,FIN,PSH,SYN,ACK,ACK,FIN",71189.835,allow,0
14-04-2025 22:23:00,192.168.1.84,11320.0,13.107.246.45,443.0,TCP,11911,5257,37,38,"ACK,ACK,PSH,SYN,ACK,FIN,PSH,SYN,ACK,ACK,FIN",71197.358,allow,0
14-04-2025 22:23:00,192.168.1.84,11320.0,13.107.246.45,443.0,TCP,11911,5311,37,39,"ACK,ACK,PSH,SYN,ACK,FIN,PSH,SYN,ACK,ACK,FIN",71197.358,allow,0
14-04-2025 22:23:00,13.107.246.45,443.0,192.168.1.84,11320.0,TCP,11977,5311,38,39,"ACK,ACK,PSH,SYN,ACK,FIN,PSH,SYN,ACK,ACK,FIN",71224.90999999999,allow,0
14-04-2025 22:23:00,13.107.246.45,443.0,192.168.1.84,11320.0,TCP,12037,5311,39,39,"ACK,ACK,PSH,SYN,ACK,FIN,PSH,SYN,ACK,ACK,FIN",71227.656,allow,0
14-04-2025 22:23:03,192.168.1.84,6881.0,193.0.149.97,1439.0,UDP,12037,5457,39,40,"ACK,ACK,PSH,SYN,ACK,FIN,PSH,SYN,ACK,ACK,FIN",73859.98999999999,allow,0
14-04-2025 22:23:03,193.0.149.97,1439.0,192.168.1.84,6881.0,UDP,12396,5457,40,40,"ACK,ACK,PSH,SYN,ACK,FIN,PSH,SYN,ACK,ACK,FIN",73896.175,allow,0
14-04-2025 22:23:04,192.168.1.84,53240.0,192.168.1.2,53.0,UDP,165,8164,2,19,,58876.029,allow,0
14-04-2025 22:23:04,192.168.1.2,53.0,192.168.1.84,53240.0,UDP,12636,5457,41,40,"ACK,ACK,PSH,SYN,ACK,FIN,PSH,SYN,ACK,ACK,FIN",75379.527,allow,0
14-04-2025 22:23:04,192.168.1.84,11334.0,23.35.104.107,443.0,TCP,12636,5523,41,41,"ACK,ACK,PSH,SYN,ACK,FIN,PSH,SYN,ACK,ACK,FIN",75382.639,allow,0
14-04-2025 22:23:04,23.35.104.107,443.0,192.168.1.84,11334.0,TCP,12702,5523,42,41,"ACK,ACK,PSH,SYN,ACK,FIN,PSH,SYN,ACK,ACK,FIN",75384.766,allow,0
14-04-2025 22:23:04,192.168.1.84,11334.0,23.35.104.107,443.0,TCP,12702,5577,42,42,"ACK,ACK,PSH,SYN,ACK,FIN,PSH,SYN,ACK,ACK,FIN",75384.766,allow,0
14-04-2025 22:23:04,192.168.1.84,11334.0,23.35.104.107,443.0,TCP,12702,6229,42,43,"ACK,ACK,PSH,SYN,ACK,FIN,PSH,SYN,ACK,ACK,FIN",75384.766,allow,0
14-04-2025 22:23:04,23.35.104.107,443.0,192.168.1.84,11334.0,TCP,13020,6229,43,43,"ACK,ACK,PSH,SYN,ACK,FIN,PSH,SYN,ACK,ACK,FIN",75390.478,allow,0
14-04-2025 22:23:04,192.168.1.84,11334.0,23.35.104.107,443.0,TCP,13020,6283,43,44,"ACK,ACK,PSH,SYN,ACK,FIN,PSH,SYN,ACK,ACK,FIN",75393.072,allow,0
14-04-2025 22:23:04,192.168.1.84,11334.0,23.35.104.107,443.0,TCP,13020,6417,43,45,"ACK,ACK,PSH,SYN,ACK,FIN,PSH,SYN,ACK,ACK,FIN",75397.874,allow,0
14-04-2025 22:23:04,23.35.104.107,443.0,192.168.1.84,11334.0,TCP,13080,6417,44,45,"ACK,ACK,PSH,SYN,ACK,FIN,PSH,SYN,ACK,ACK,FIN",75401.241,allow,0
14-04-2025 22:23:04,23.35.104.107,443.0,192.168.1.84,11334.0,TCP,13421,6417,45,45,"ACK,ACK,PSH,SYN,ACK,FIN,PSH,SYN,ACK,ACK,FIN",75405.232,allow,0
14-04-2025 22:23:04,192.168.1.84,11334.0,23.35.104.107,443.0,TCP,13421,6471,45,46,"ACK,ACK,PSH,SYN,ACK,FIN,PSH,SYN,ACK,ACK,FIN",75407.73199999999,allow,0
14-04-2025 22:23:04,192.168.1.84,11334.0,23.35.104.107,443.0,TCP,13421,6605,45,47,"ACK,ACK,PSH,SYN,ACK,FIN,PSH,SYN,ACK,ACK,FIN",75410.174,allow,0
14-04-2025 22:23:04,23.35.104.107,443.0,192.168.1.84,11334.0,TCP,13481,6605,46,47,"ACK,ACK,PSH,SYN,ACK,FIN,PSH,SYN,ACK,ACK,FIN",75410.174,allow,0
14-04-2025 22:23:04,23.35.104.107,443.0,192.168.1.84,11334.0,TCP,13596,6605,47,47,"ACK,ACK,PSH,SYN,ACK,FIN,PSH,SYN,ACK,ACK,FIN",75414.691,allow,0
14-04-2025 22:23:04,23.35.104.107,443.0,192.168.1.84,11334.0,TCP,13681,6605,48,47,"ACK,ACK,PSH,SYN,ACK,FIN,PSH,SYN,ACK,ACK,FIN",75417.06499999999,allow,0
14-04-2025 22:23:04,192.168.1.84,11334.0,23.35.104.107,443.0,TCP,13681,6659,48,48,"ACK,ACK,PSH,SYN,ACK,FIN,PSH,SYN,ACK,ACK,FIN",75418.59700000001,allow,0
14-04-2025 22:23:04,192.168.1.84,11334.0,23.35.104.107,443.0,TCP,13681,6744,48,49,"ACK,ACK,PSH,SYN,ACK,FIN,PSH,SYN,ACK,ACK,FIN",75420.806,allow,0
14-04-2025 22:23:04,192.168.1.84,11334.0,23.35.104.107,443.0,TCP,13681,7101,48,50,"ACK,ACK,PSH,SYN,ACK,FIN,PSH,SYN,ACK,ACK,FIN",75420.806,allow,0
14-04-2025 22:23:04,23.35.104.107,443.0,192.168.1.84,11334.0,TCP,13741,7101,49,50,"ACK,ACK,PSH,SYN,ACK,FIN,PSH,SYN,ACK,ACK,FIN",75420.806,allow,0
14-04-2025 22:23:04,23.35.104.107,443.0,192.168.1.84,11334.0,TCP,14389,7101,50,50,"ACK,ACK,PSH,SYN,ACK,FIN,PSH,SYN,ACK,ACK,FIN",75429.272,allow,0
14-04-2025 22:23:04,23.35.104.107,443.0,192.168.1.84,11334.0,TCP,14474,7101,51,50,"ACK,ACK,PSH,SYN,ACK,FIN,PSH,SYN,ACK,ACK,FIN",75431.326,allow,0
14-04-2025 22:23:04,192.168.1.84,11334.0,23.35.104.107,443.0,TCP,14474,7155,51,51,"ACK,ACK,PSH,SYN,ACK,FIN,PSH,SYN,ACK,ACK,FIN",75432.254,allow,0
14-04-2025 22:23:05,13.107.5.93,443.0,192.168.1.84,11317.0,TCP,14534,7155,52,51,"ACK,ACK,PSH,ACK,RST,SYN,ACK,FIN,PSH,SYN,ACK,ACK,FIN",76519.553,allow,0
14-04-2025 22:23:08,192.168.1.84,6881.0,82.66.254.197,51413.0,UDP,14534,7301,52,52,"ACK,ACK,PSH,ACK,RST,SYN,ACK,FIN,PSH,SYN,ACK,ACK,FIN",78867.26299999999,allow,0
14-04-2025 22:23:08,192.168.1.84,53240.0,192.168.1.2,53.0,UDP,254,8164,3,19,,62902.004,allow,0
14-04-2025 22:23:08,192.168.1.2,53.0,192.168.1.84,53240.0,UDP,14744,7301,53,52,"ACK,ACK,PSH,ACK,RST,SYN,ACK,FIN,PSH,SYN,ACK,ACK,FIN",79400.06999999999,allow,0
14-04-2025 22:23:08,192.168.1.84,11335.0,48.209.144.71,443.0,TCP,14744,7367,53,53,"ACK,ACK,PSH,ACK,RST,SYN,ACK,FIN,PSH,SYN,ACK,ACK,FIN",79412.042,allow,0
14-04-2025 22:23:08,48.209.144.71,443.0,192.168.1.84,11335.0,TCP,14810,7367,54,53,"ACK,ACK,PSH,ACK,RST,SYN,ACK,FIN,PSH,SYN,ACK,ACK,FIN",79472.471,allow,0
14-04-2025 22:23:08,192.168.1.84,11335.0,48.209.144.71,443.0,TCP,14810,7421,54,54,"ACK,ACK,PSH,ACK,RST,SYN,ACK,FIN,PSH,SYN,ACK,ACK,FIN",79476.866,allow,0
14-04-2025 22:23:08,192.168.1.84,11335.0,48.209.144.71,443.0,TCP,14810,7766,54,55,"ACK,ACK,PSH,ACK,RST,SYN,ACK,FIN,PSH,SYN,ACK,ACK,FIN",79480.129,allow,0
14-04-2025 22:23:08,48.209.144.71,443.0,192.168.1.84,11335.0,TCP,14870,7766,55,55,"ACK,ACK,PSH,ACK,RST,SYN,ACK,FIN,PSH,SYN,ACK,ACK,FIN",79541.414,allow,0
14-04-2025 22:23:09,48.209.144.71,443.0,192.168.1.84,11335.0,TCP,16384,7766,56,55,"ACK,ACK,PSH,ACK,RST,SYN,ACK,FIN,PSH,SYN,ACK,ACK,FIN",79543.47,allow,0
14-04-2025 22:23:09,48.209.144.71,443.0,192.168.1.84,11335.0,TCP,17898,7766,57,55,"ACK,ACK,PSH,ACK,RST,SYN,ACK,FIN,PSH,SYN,ACK,ACK,FIN",79549.07900000001,allow,0
14-04-2025 22:23:09,48.209.144.71,443.0,192.168.1.84,11335.0,TCP,19128,7766,58,55,"ACK,ACK,PSH,ACK,RST,SYN,ACK,FIN,PSH,SYN,ACK,ACK,FIN",79552.30799999999,allow,0
14-04-2025 22:23:09,48.209.144.71,443.0,192.168.1.84,11335.0,TCP,22102,7766,59,55,"ACK,ACK,PSH,ACK,RST,SYN,ACK,FIN,PSH,SYN,ACK,ACK,FIN",79554.121,allow,0
14-04-2025 22:23:09,48.209.144.71,443.0,192.168.1.84,11335.0,TCP,23332,7766,60,55,"ACK,ACK,PSH,ACK,RST,SYN,ACK,FIN,PSH,SYN,ACK,ACK,FIN",79559.702,allow,0
14-04-2025 22:23:09,48.209.144.71,443.0,192.168.1.84,11335.0,TCP,23412,7766,61,55,"ACK,ACK,PSH,ACK,RST,SYN,ACK,FIN,PSH,SYN,ACK,ACK,FIN",79565.724,allow,0
14-04-2025 22:23:09,192.168.1.84,11335.0,48.209.144.71,443.0,TCP,23412,7820,61,56,"ACK,ACK,PSH,ACK,RST,SYN,ACK,FIN,PSH,SYN,ACK,ACK,FIN",79568.678,allow,0
14-04-2025 22:23:09,192.168.1.84,11335.0,48.209.144.71,443.0,TCP,23412,7954,61,57,"ACK,ACK,PSH,ACK,RST,SYN,ACK,FIN,PSH,SYN,ACK,ACK,FIN",79572.598,allow,0
14-04-2025 22:23:09,192.168.1.84,11335.0,48.209.144.71,443.0,TCP,23412,8414,61,58,"ACK,ACK,PSH,ACK,RST,SYN,ACK,FIN,PSH,SYN,ACK,ACK,FIN",79573.612,allow,0
14-04-2025 22:23:09,192.168.1.84,11335.0,48.209.144.71,443.0,TCP,23412,9634,61,59,"ACK,ACK,PSH,ACK,RST,SYN,ACK,FIN,PSH,SYN,ACK,ACK,FIN",79575.99500000001,allow,0
14-04-2025 22:23:09,48.209.144.71,443.0,192.168.1.84,11335.0,TCP,24072,9634,62,59,"ACK,ACK,PSH,ACK,RST,SYN,ACK,FIN,PSH,SYN,ACK,ACK,FIN",79623.644,allow,0
14-04-2025 22:23:09,192.168.1.84,11335.0,48.209.144.71,443.0,TCP,24072,9688,62,60,"ACK,ACK,PSH,ACK,RST,SYN,ACK,FIN,PSH,SYN,ACK,ACK,FIN",79626.26400000001,allow,0
14-04-2025 22:23:09,48.209.144.71,443.0,192.168.1.84,11335.0,TCP,24132,9688,63,60,"ACK,ACK,PSH,ACK,RST,SYN,ACK,FIN,PSH,SYN,ACK,ACK,FIN",79633.79299999999,allow,0
14-04-2025 22:23:09,48.209.144.71,443.0,192.168.1.84,11335.0,TCP,24669,9688,64,60,"ACK,ACK,PSH,ACK,RST,SYN,ACK,FIN,PSH,SYN,ACK,ACK,FIN",79637.833,allow,0
14-04-2025 22:23:09,192.168.1.84,11335.0,48.209.144.71,443.0,TCP,24669,9742,64,61,"ACK,ACK,PSH,ACK,RST,SYN,ACK,FIN,PSH,SYN,ACK,ACK,FIN",79685.358,allow,0
14-04-2025 22:23:12,192.168.1.2,1900,239.255.255.250,1900,UDP,254,8584,3,20,,66891.524,Deny
14-04-2025 22:23:12,192.168.1.2,1900,239.255.255.250,1900,UDP,254,8949,3,21,,66900.59,Deny
14-04-2025 22:23:12,192.168.1.2,1900,239.255.255.250,1900,UDP,254,9305,3,22,,66902.734,Deny
14-04-2025 22:23:12,192.168.1.2,1900,239.255.255.250,1900,UDP,254,9735,3,23,,66905.33,Deny
14-04-2025 22:23:13,192.168.1.84,6881,74.83.249.2,48820,UDP,24669,9888,64,62,"ACK,ACK,PSH,ACK,RST,SYN,ACK,FIN,PSH,SYN,ACK,ACK,FIN",83872.863,Deny
14-04-2025 22:23:13,74.83.249.2,48820,192.168.1.84,6881,UDP,25028,9888,65,62,"ACK,ACK,PSH,ACK,RST,SYN,ACK,FIN,PSH,SYN,ACK,ACK,FIN",84098.656,Allow
