Timestamp,SRC_ADDR,SRC_PORT,DST_ADDR,DST_PORT,PROTOCOL,IN_BYTES,OUT_BYTES,IN_PKTS,OUT_PKTS,TCP_FLAGS,FLOW_DURATION_MILLISECONDS,ACTION,Prediction_type
2025-05-10 17:41:13,192.168.1.6,58047.0,2.56.90.85,80.0,UDP,122,0,1,0,,0.001,allow,benign
2025-05-10 17:41:13,2.56.90.85,80.0,192.168.1.6,58047.0,UDP,138,0,1,0,,0.0,allow,benign
2025-05-10 17:41:14,2.56.90.85,80.0,192.168.1.6,58047.0,UDP,356,0,2,0,,314.101,allow,benign
2025-05-10 17:41:14,192.168.1.6,58047.0,2.56.90.85,80.0,UDP,244,0,2,0,,495.859,allow,benign
2025-05-10 17:41:14,192.168.1.11,5353.0,224.0.0.251,5353.0,UDP,0,124,0,1,,0.0,allow,benign
2025-05-10 17:41:14,2.56.90.85,80.0,192.168.1.6,58047.0,UDP,574,0,3,0,,964.248,allow,benign
2025-05-10 17:41:14,192.168.1.6,58047.0,2.56.90.85,80.0,UDP,366,0,3,0,,1147.127,allow,benign
2025-05-10 17:41:15,192.168.1.6,58047.0,2.56.90.85,80.0,UDP,504,0,4,0,,1280.777,allow,benign
2025-05-10 17:41:15,2.56.90.85,80.0,192.168.1.6,58047.0,UDP,712,0,4,0,,1202.279,allow,benign
2025-05-10 17:41:15,192.168.1.6,58047.0,2.56.90.85,80.0,UDP,626,0,5,0,,1334.5549999999998,allow,benign
2025-05-10 17:41:15,192.168.1.6,58047.0,2.56.90.85,80.0,UDP,2120,0,6,0,,1335.39,allow,benign
2025-05-10 17:41:15,192.168.1.6,58047.0,2.56.90.85,80.0,UDP,2658,0,7,0,,1335.993,allow,benign
2025-05-10 17:41:15,2.56.90.85,80.0,192.168.1.6,58047.0,UDP,930,0,5,0,,1214.595,allow,benign
2025-05-10 17:41:15,192.168.1.6,58047.0,2.56.90.85,80.0,UDP,2780,0,8,0,,1397.523,allow,benign
2025-05-10 17:41:15,2.56.90.85,80.0,192.168.1.6,58047.0,UDP,1052,0,6,0,,1273.409,allow,benign
2025-05-10 17:41:15,2.56.90.85,80.0,192.168.1.6,58047.0,UDP,2534,0,7,0,,1275.149,allow,benign
2025-05-10 17:41:15,2.56.90.85,80.0,192.168.1.6,58047.0,UDP,4016,0,8,0,,1276.0510000000002,allow,benign
2025-05-10 17:41:15,2.56.90.85,80.0,192.168.1.6,58047.0,UDP,4906,0,9,0,,1276.818,allow,benign
2025-05-10 17:41:15,192.168.1.6,58047.0,2.56.90.85,80.0,UDP,2902,0,9,0,,1408.429,allow,benign
2025-05-10 17:41:15,192.168.1.6,58047.0,2.56.90.85,80.0,UDP,3088,0,10,0,,1409.83,allow,benign
2025-05-10 17:41:15,192.168.1.6,58047.0,2.56.90.85,80.0,UDP,3306,0,11,0,,1411.387,allow,benign
2025-05-10 17:41:15,192.168.1.6,58047.0,2.56.90.85,80.0,UDP,3892,0,12,0,,1412.058,allow,benign
2025-05-10 17:41:15,2.56.90.85,80.0,192.168.1.6,58047.0,UDP,5108,0,10,0,,1339.471,allow,benign
2025-05-10 17:41:15,2.56.90.85,80.0,192.168.1.6,58047.0,UDP,5310,0,11,0,,1341.484,allow,benign
2025-05-10 17:41:15,2.56.90.85,80.0,192.168.1.6,58047.0,UDP,5496,0,12,0,,1342.994,allow,benign
2025-05-10 17:41:15,192.168.1.6,58047.0,2.56.90.85,80.0,UDP,4014,0,13,0,,1475.247,allow,benign
2025-05-10 17:41:15,192.168.1.6,58047.0,2.56.90.85,80.0,UDP,4168,0,14,0,,1476.736,allow,benign
2025-05-10 17:41:15,2.56.90.85,80.0,192.168.1.6,58047.0,UDP,5618,0,13,0,,1436.254,allow,benign
2025-05-10 17:41:15,2.56.90.85,80.0,192.168.1.6,58047.0,UDP,6812,0,14,0,,1492.796,allow,benign
2025-05-10 17:41:15,192.168.1.6,58047.0,2.56.90.85,80.0,UDP,4290,0,15,0,,1676.807,allow,benign
2025-05-10 17:41:15,2.56.90.85,80.0,192.168.1.6,58047.0,UDP,7030,0,15,0,,1915.207,allow,benign
2025-05-10 17:41:15,192.168.1.6,58047.0,2.56.90.85,80.0,UDP,4412,0,16,0,,2092.028,allow,benign
2025-05-10 17:41:16,192.168.1.6,58047.0,2.56.90.85,80.0,UDP,4566,0,17,0,,2870.782,allow,benign
2025-05-10 17:41:16,2.56.90.85,80.0,192.168.1.6,58047.0,UDP,7328,0,16,0,,2795.711,allow,benign
2025-05-10 17:41:16,192.168.1.6,58047.0,2.56.90.85,80.0,UDP,4704,0,18,0,,2929.228,allow,benign
2025-05-10 17:41:16,2.56.90.85,80.0,192.168.1.6,58047.0,UDP,7466,0,17,0,,2861.132,allow,benign
2025-05-10 17:41:16,192.168.1.6,58047.0,2.56.90.85,80.0,UDP,4826,0,19,0,,2992.906,allow,benign
2025-05-10 17:41:16,192.168.1.6,58047.0,2.56.90.85,80.0,UDP,5156,0,20,0,,2993.629,allow,benign
2025-05-10 17:41:16,2.56.90.85,80.0,192.168.1.6,58047.0,UDP,8948,0,18,0,,2934.443,allow,benign
2025-05-10 17:41:16,2.56.90.85,80.0,192.168.1.6,58047.0,UDP,10430,0,19,0,,2935.2290000000003,allow,benign
2025-05-10 17:41:16,2.56.90.85,80.0,192.168.1.6,58047.0,UDP,11592,0,20,0,,2935.998,allow,benign
2025-05-10 17:41:16,192.168.1.6,58047.0,2.56.90.85,80.0,UDP,5278,0,21,0,,3067.48,allow,benign
2025-05-10 17:41:16,192.168.1.6,58047.0,2.56.90.85,80.0,UDP,5560,0,22,0,,3068.176,allow,benign
2025-05-10 17:41:16,2.56.90.85,80.0,192.168.1.6,58047.0,UDP,11762,0,21,0,,3002.965,allow,benign
2025-05-10 17:41:16,2.56.90.85,80.0,192.168.1.6,58047.0,UDP,11948,0,22,0,,3003.755,allow,benign
2025-05-10 17:41:16,192.168.1.6,58047.0,2.56.90.85,80.0,UDP,5682,0,23,0,,3135.2250000000004,allow,benign
2025-05-10 17:41:16,192.168.1.6,58047.0,2.56.90.85,80.0,UDP,5884,0,24,0,,3145.28,allow,benign
2025-05-10 17:41:16,192.168.1.6,58047.0,2.56.90.85,80.0,UDP,6790,0,25,0,,3146.1670000000004,allow,benign
2025-05-10 17:41:16,192.168.1.6,58047.0,2.56.90.85,80.0,UDP,6944,0,26,0,,3146.755,allow,benign
2025-05-10 17:41:17,2.56.90.85,80.0,192.168.1.6,58047.0,UDP,12102,0,23,0,,3085.911,allow,benign
2025-05-10 17:41:17,2.56.90.85,80.0,192.168.1.6,58047.0,UDP,12224,0,24,0,,3088.2450000000003,allow,benign
2025-05-10 17:41:17,192.168.1.6,58047.0,2.56.90.85,80.0,UDP,7066,0,27,0,,3271.322,allow,benign
2025-05-10 17:41:17,2.56.90.85,80.0,192.168.1.6,58047.0,UDP,12442,0,25,0,,3165.248,allow,benign
2025-05-10 17:41:17,2.56.90.85,80.0,192.168.1.6,58047.0,UDP,12916,0,26,0,,3203.155,allow,benign
2025-05-10 17:41:17,192.168.1.6,58047.0,2.56.90.85,80.0,UDP,7188,0,28,0,,3335.547,allow,benign
2025-05-10 17:41:17,192.168.1.6,58047.0,2.56.90.85,80.0,UDP,7310,0,29,0,,3348.19,allow,benign
2025-05-10 17:41:17,2.56.90.85,80.0,192.168.1.6,58047.0,UDP,13086,0,27,0,,3266.0840000000003,allow,benign
2025-05-10 17:41:17,2.56.90.85,80.0,192.168.1.6,58047.0,UDP,13208,0,28,0,,3266.818,allow,benign
2025-05-10 17:41:17,192.168.1.6,58047.0,2.56.90.85,80.0,UDP,7432,0,30,0,,3398.302,allow,benign
2025-05-10 17:41:17,2.56.90.85,80.0,192.168.1.6,58047.0,UDP,13426,0,29,0,,3415.634,allow,benign
2025-05-10 17:41:17,192.168.1.6,58047.0,2.56.90.85,80.0,UDP,7554,0,31,0,,3594.743,allow,benign
2025-05-10 17:41:17,2.56.90.85,80.0,192.168.1.6,58047.0,UDP,13644,0,30,0,,3665.105,allow,benign
2025-05-10 17:41:17,192.168.1.6,58047.0,2.56.90.85,80.0,UDP,7676,0,32,0,,3847.239,allow,benign
2025-05-10 17:41:17,192.168.1.6,58047.0,2.56.90.85,80.0,UDP,7814,0,33,0,,3867.524,allow,benign
2025-05-10 17:41:17,2.56.90.85,80.0,192.168.1.6,58047.0,UDP,13862,0,31,0,,3764.538,allow,benign
2025-05-10 17:41:17,2.56.90.85,80.0,192.168.1.6,58047.0,UDP,14000,0,32,0,,3797.947,allow,benign
2025-05-10 17:41:17,192.168.1.6,58047.0,2.56.90.85,80.0,UDP,7936,0,34,0,,3929.501,allow,benign
2025-05-10 17:41:17,192.168.1.6,58047.0,2.56.90.85,80.0,UDP,8266,0,35,0,,3930.801,allow,benign
2025-05-10 17:41:17,192.168.1.6,58047.0,2.56.90.85,80.0,UDP,8388,0,36,0,,3949.001,allow,benign
2025-05-10 17:41:17,2.56.90.85,80.0,192.168.1.6,58047.0,UDP,15482,0,33,0,,3871.664,allow,benign
2025-05-10 17:41:17,2.56.90.85,80.0,192.168.1.6,58047.0,UDP,16964,0,34,0,,3875.795,allow,benign
2025-05-10 17:41:17,2.56.90.85,80.0,192.168.1.6,58047.0,UDP,18126,0,35,0,,3876.68,allow,benign
2025-05-10 17:41:17,192.168.1.6,58047.0,2.56.90.85,80.0,UDP,8510,0,37,0,,4008.15,allow,benign
2025-05-10 17:41:17,192.168.1.6,58047.0,2.56.90.85,80.0,UDP,8792,0,38,0,,4008.728,allow,benign
2025-05-10 17:41:17,2.56.90.85,80.0,192.168.1.6,58047.0,UDP,18296,0,36,0,,3939.946,allow,benign
2025-05-10 17:41:17,2.56.90.85,80.0,192.168.1.6,58047.0,UDP,18482,0,37,0,,3941.542,allow,benign
2025-05-10 17:41:17,192.168.1.6,58047.0,2.56.90.85,80.0,UDP,8914,0,39,0,,4074.486,allow,benign
2025-05-10 17:41:17,192.168.1.6,58047.0,2.56.90.85,80.0,UDP,9116,0,40,0,,4078.039,allow,benign
2025-05-10 17:41:17,192.168.1.6,58047.0,2.56.90.85,80.0,UDP,10610,0,41,0,,4079.331,allow,benign
2025-05-10 17:41:17,192.168.1.6,58047.0,2.56.90.85,80.0,UDP,10844,0,42,0,,4080.572,allow,benign
2025-05-10 17:41:17,192.168.1.6,58047.0,2.56.90.85,80.0,UDP,10998,0,43,0,,4082.141,allow,benign
2025-05-10 17:41:17,2.56.90.85,80.0,192.168.1.6,58047.0,UDP,18604,0,38,0,,4017.295,allow,benign
2025-05-10 17:41:17,2.56.90.85,80.0,192.168.1.6,58047.0,UDP,18758,0,39,0,,4017.947000000001,allow,benign
2025-05-10 17:41:18,2.56.90.85,80.0,192.168.1.6,58047.0,UDP,18976,0,40,0,,4064.073,allow,benign
2025-05-10 17:41:18,2.56.90.85,80.0,192.168.1.6,58047.0,UDP,19098,0,41,0,,4068.022,allow,benign
2025-05-10 17:41:18,192.168.1.6,58047.0,2.56.90.85,80.0,UDP,11120,0,44,0,,4199.6,allow,benign
2025-05-10 17:41:18,2.56.90.85,80.0,192.168.1.6,58047.0,UDP,20580,0,42,0,,4105.514999999999,allow,benign
2025-05-10 17:41:18,2.56.90.85,80.0,192.168.1.6,58047.0,UDP,22062,0,43,0,,4106.232,allow,benign
2025-05-10 17:41:18,2.56.90.85,80.0,192.168.1.6,58047.0,UDP,23544,0,44,0,,4106.822,allow,benign
2025-05-10 17:41:18,192.168.1.6,58047.0,2.56.90.85,80.0,UDP,11242,0,45,0,,4238.218,allow,benign
2025-05-10 17:41:18,2.56.90.85,80.0,192.168.1.6,58047.0,UDP,25026,0,45,0,,4108.002,allow,benign
2025-05-10 17:41:18,2.56.90.85,80.0,192.168.1.6,58047.0,UDP,25452,0,46,0,,4108.811000000001,allow,benign
2025-05-10 17:41:18,192.168.1.6,58047.0,2.56.90.85,80.0,UDP,11364,0,46,0,,4240.374,allow,benign
2025-05-10 17:41:18,192.168.1.6,58047.0,2.56.90.85,80.0,UDP,11486,0,47,0,,4240.981,allow,benign
2025-05-10 17:41:18,192.168.1.6,58047.0,2.56.90.85,80.0,UDP,11608,0,48,0,,4244.95,allow,benign
2025-05-10 17:41:18,2.56.90.85,80.0,192.168.1.6,58047.0,UDP,25670,0,47,0,,4164.758,allow,benign
2025-05-10 17:41:18,2.56.90.85,80.0,192.168.1.6,58047.0,UDP,25792,0,48,0,,4170.200000000001,allow,benign
2025-05-10 17:41:18,192.168.1.6,58047.0,2.56.90.85,80.0,UDP,11730,0,49,0,,4302.423,allow,benign
2025-05-10 17:41:18,192.168.1.6,58047.0,2.56.90.85,80.0,UDP,11852,0,50,0,,4341.329,allow,benign
2025-05-10 17:41:18,192.168.1.6,58047.0,2.56.90.85,80.0,UDP,11990,0,51,0,,4446.432,allow,benign
2025-05-10 17:41:18,2.56.90.85,80.0,192.168.1.6,58047.0,UDP,25930,0,49,0,,4377.608,allow,benign
2025-05-10 17:41:18,192.168.1.6,58047.0,2.56.90.85,80.0,UDP,12112,0,52,0,,4509.379,allow,benign
2025-05-10 17:41:18,192.168.1.6,58047.0,2.56.90.85,80.0,UDP,12442,0,53,0,,4510.106000000001,allow,benign
2025-05-10 17:41:18,2.56.90.85,80.0,192.168.1.6,58047.0,UDP,27412,0,50,0,,4449.813,allow,benign
2025-05-10 17:41:18,2.56.90.85,80.0,192.168.1.6,58047.0,UDP,28894,0,51,0,,4450.629,allow,benign
2025-05-10 17:41:18,192.168.1.6,58047.0,2.56.90.85,80.0,UDP,12564,0,54,0,,4582.079000000001,allow,benign
2025-05-10 17:41:18,2.56.90.85,80.0,192.168.1.6,58047.0,UDP,30056,0,52,0,,4453.839999999999,allow,benign
2025-05-10 17:41:18,192.168.1.6,58047.0,2.56.90.85,80.0,UDP,12846,0,55,0,,4586.061,allow,benign
2025-05-10 17:41:18,2.56.90.85,80.0,192.168.1.6,58047.0,UDP,30226,0,53,0,,4516.869,allow,benign
2025-05-10 17:41:18,2.56.90.85,80.0,192.168.1.6,58047.0,UDP,30412,0,54,0,,4517.661,allow,benign
2025-05-10 17:41:18,192.168.1.6,58047.0,2.56.90.85,80.0,UDP,12968,0,56,0,,4649.104,allow,benign
2025-05-10 17:41:18,192.168.1.6,58047.0,2.56.90.85,80.0,UDP,13170,0,57,0,,4650.04,allow,benign
2025-05-10 17:41:18,192.168.1.6,58047.0,2.56.90.85,80.0,UDP,14076,0,58,0,,4650.663,allow,benign
2025-05-10 17:41:18,192.168.1.6,58047.0,2.56.90.85,80.0,UDP,14230,0,59,0,,4651.214999999999,allow,benign
2025-05-10 17:41:18,2.56.90.85,80.0,192.168.1.6,58047.0,UDP,30566,0,55,0,,4590.804999999999,allow,benign
2025-05-10 17:41:18,2.56.90.85,80.0,192.168.1.6,58047.0,UDP,30688,0,56,0,,4591.486,allow,benign
2025-05-10 17:41:18,192.168.1.6,58047.0,2.56.90.85,80.0,UDP,14352,0,60,0,,4770.912,allow,benign
2025-05-10 17:41:18,2.56.90.85,80.0,192.168.1.6,58047.0,UDP,31130,0,57,0,,4707.845,allow,benign
2025-05-10 17:41:18,192.168.1.6,58047.0,2.56.90.85,80.0,UDP,14474,0,61,0,,4840.312,allow,benign
2025-05-10 17:41:18,2.56.90.85,80.0,192.168.1.6,58047.0,UDP,31300,0,58,0,,4773.875999999999,allow,benign
2025-05-10 17:41:18,2.56.90.85,80.0,192.168.1.6,58047.0,UDP,31422,0,59,0,,4774.511,allow,benign
2025-05-10 17:41:18,192.168.1.6,58047.0,2.56.90.85,80.0,UDP,14596,0,62,0,,4905.876,allow,benign
2025-05-10 17:41:18,192.168.1.6,58047.0,2.56.90.85,80.0,UDP,14734,0,63,0,,5091.65,allow,benign
2025-05-10 17:41:19,2.56.90.85,80.0,192.168.1.6,58047.0,UDP,31560,0,60,0,,5022.561,allow,benign
2025-05-10 17:41:19,192.168.1.6,58047.0,2.56.90.85,80.0,UDP,14856,0,64,0,,5154.124000000001,allow,benign
2025-05-10 17:41:19,192.168.1.6,58047.0,2.56.90.85,80.0,UDP,15186,0,65,0,,5154.703,allow,benign
2025-05-10 17:41:19,2.56.90.85,80.0,192.168.1.6,58047.0,UDP,33042,0,61,0,,5095.111,allow,benign
2025-05-10 17:41:19,2.56.90.85,80.0,192.168.1.6,58047.0,UDP,34524,0,62,0,,5095.831999999999,allow,benign
2025-05-10 17:41:19,2.56.90.85,80.0,192.168.1.6,58047.0,UDP,35686,0,63,0,,5096.39,allow,benign
2025-05-10 17:41:19,192.168.1.6,58047.0,2.56.90.85,80.0,UDP,15308,0,66,0,,5227.761,allow,benign
2025-05-10 17:41:19,192.168.1.6,58047.0,2.56.90.85,80.0,UDP,15590,0,67,0,,5228.371,allow,benign
2025-05-10 17:41:19,192.168.1.6,58047.0,2.56.90.85,80.0,UDP,15712,0,68,0,,5251.856,allow,benign
2025-05-10 17:41:19,2.56.90.85,80.0,192.168.1.6,58047.0,UDP,35856,0,64,0,,5158.95,allow,benign
2025-05-10 17:41:19,2.56.90.85,80.0,192.168.1.6,58047.0,UDP,36042,0,65,0,,5159.701,allow,benign
2025-05-10 17:41:19,192.168.1.6,58047.0,2.56.90.85,80.0,UDP,15834,0,69,0,,5291.552000000001,allow,benign
2025-05-10 17:41:19,192.168.1.6,58047.0,2.56.90.85,80.0,UDP,16036,0,70,0,,5292.589000000001,allow,benign
2025-05-10 17:41:19,192.168.1.6,58047.0,2.56.90.85,80.0,UDP,17530,0,71,0,,5293.242,allow,benign
2025-05-10 17:41:19,192.168.1.6,58047.0,2.56.90.85,80.0,UDP,19024,0,72,0,,5293.883,allow,benign
2025-05-10 17:41:19,192.168.1.6,58047.0,2.56.90.85,80.0,UDP,19338,0,73,0,,5294.433,allow,benign
2025-05-10 17:41:19,192.168.1.6,58047.0,2.56.90.85,80.0,UDP,19492,0,74,0,,5295.051,allow,benign
2025-05-10 17:41:19,192.168.1.6,58047.0,2.56.90.85,80.0,UDP,19662,0,75,0,,5298.361,allow,benign
2025-05-10 17:41:19,2.56.90.85,80.0,192.168.1.6,58047.0,UDP,36180,0,66,0,,5168.383000000001,allow,benign
2025-05-10 17:41:19,2.56.90.85,80.0,192.168.1.6,58047.0,UDP,36334,0,67,0,,5221.772,allow,benign
2025-05-10 17:41:19,2.56.90.85,80.0,192.168.1.6,58047.0,UDP,36456,0,68,0,,5224.959,allow,benign
2025-05-10 17:41:19,2.56.90.85,80.0,192.168.1.6,58047.0,UDP,36578,0,69,0,,5233.41,allow,benign
2025-05-10 17:41:19,2.56.90.85,80.0,192.168.1.6,58047.0,UDP,36700,0,70,0,,5234.072,allow,benign
2025-05-10 17:41:19,2.56.90.85,80.0,192.168.1.6,58047.0,UDP,36854,0,71,0,,5235.96,allow,benign
2025-05-10 17:41:19,192.168.1.6,58047.0,2.56.90.85,80.0,UDP,19816,0,76,0,,5367.503,allow,benign
2025-05-10 17:41:19,192.168.1.6,58047.0,2.56.90.85,80.0,UDP,19938,0,77,0,,5407.336,allow,benign
2025-05-10 17:41:19,2.56.90.85,80.0,192.168.1.6,58047.0,UDP,38336,0,72,0,,5281.847,allow,benign
2025-05-10 17:41:19,2.56.90.85,80.0,192.168.1.6,58047.0,UDP,39818,0,73,0,,5286.152999999999,allow,benign
2025-05-10 17:41:19,192.168.1.6,58047.0,2.56.90.85,80.0,UDP,20060,0,78,0,,5417.669,allow,benign
2025-05-10 17:41:19,2.56.90.85,80.0,192.168.1.6,58047.0,UDP,41300,0,74,0,,5287.433,allow,benign
2025-05-10 17:41:19,2.56.90.85,80.0,192.168.1.6,58047.0,UDP,42782,0,75,0,,5288.045,allow,benign
2025-05-10 17:41:19,192.168.1.6,58047.0,2.56.90.85,80.0,UDP,20182,0,79,0,,5419.418000000001,allow,benign
2025-05-10 17:41:19,2.56.90.85,80.0,192.168.1.6,58047.0,UDP,44264,0,76,0,,5289.255,allow,benign
2025-05-10 17:41:19,2.56.90.85,80.0,192.168.1.6,58047.0,UDP,45746,0,77,0,,5290.106,allow,benign
2025-05-10 17:41:19,2.56.90.85,80.0,192.168.1.6,58047.0,UDP,47228,0,78,0,,5290.734,allow,benign
2025-05-10 17:41:19,2.56.90.85,80.0,192.168.1.6,58047.0,UDP,48710,0,79,0,,5291.321,allow,benign
2025-05-10 17:41:19,2.56.90.85,80.0,192.168.1.6,58047.0,UDP,50192,0,80,0,,5291.941,allow,benign
2025-05-10 17:41:19,192.168.1.6,58047.0,2.56.90.85,80.0,UDP,20304,0,80,0,,5423.369,allow,benign
2025-05-10 17:41:19,2.56.90.85,80.0,192.168.1.6,58047.0,UDP,51674,0,81,0,,5293.12,allow,benign
2025-05-10 17:41:19,2.56.90.85,80.0,192.168.1.6,58047.0,UDP,53156,0,82,0,,5294.150000000001,allow,benign
2025-05-10 17:41:19,2.56.90.85,80.0,192.168.1.6,58047.0,UDP,54638,0,83,0,,5295.227,allow,benign
2025-05-10 17:41:19,2.56.90.85,80.0,192.168.1.6,58047.0,UDP,55304,0,84,0,,5295.824,allow,benign
2025-05-10 17:41:19,192.168.1.6,58047.0,2.56.90.85,80.0,UDP,20426,0,81,0,,5427.203,allow,benign
2025-05-10 17:41:19,192.168.1.6,58047.0,2.56.90.85,80.0,UDP,20548,0,82,0,,5468.646,allow,benign
2025-05-10 17:41:19,2.56.90.85,80.0,192.168.1.6,58047.0,UDP,56786,0,85,0,,5357.108,allow,benign
2025-05-10 17:41:19,2.56.90.85,80.0,192.168.1.6,58047.0,UDP,58268,0,86,0,,5357.851000000001,allow,benign
2025-05-10 17:41:19,2.56.90.85,80.0,192.168.1.6,58047.0,UDP,59750,0,87,0,,5358.478,allow,benign
2025-05-10 17:41:19,2.56.90.85,80.0,192.168.1.6,58047.0,UDP,61232,0,88,0,,5359.072,allow,benign
2025-05-10 17:41:19,2.56.90.85,80.0,192.168.1.6,58047.0,UDP,62714,0,89,0,,5359.692,allow,benign
2025-05-10 17:41:19,2.56.90.85,80.0,192.168.1.6,58047.0,UDP,64196,0,90,0,,5360.684,allow,benign
2025-05-10 17:41:19,192.168.1.6,58047.0,2.56.90.85,80.0,UDP,20670,0,83,0,,5492.320000000001,allow,benign
2025-05-10 17:41:19,192.168.1.6,58047.0,2.56.90.85,80.0,UDP,20792,0,84,0,,5492.885,allow,benign
2025-05-10 17:41:19,2.56.90.85,80.0,192.168.1.6,58047.0,UDP,65678,0,91,0,,5365.4400000000005,allow,benign
2025-05-10 17:41:19,2.56.90.85,80.0,192.168.1.6,58047.0,UDP,67160,0,92,0,,5366.150000000001,allow,benign
2025-05-10 17:41:19,2.56.90.85,80.0,192.168.1.6,58047.0,UDP,68642,0,93,0,,5366.729,allow,benign
2025-05-10 17:41:19,2.56.90.85,80.0,192.168.1.6,58047.0,UDP,70124,0,94,0,,5367.289000000001,allow,benign
2025-05-10 17:41:19,2.56.90.85,80.0,192.168.1.6,58047.0,UDP,71606,0,95,0,,5367.872,allow,benign
2025-05-10 17:41:19,2.56.90.85,80.0,192.168.1.6,58047.0,UDP,73088,0,96,0,,5368.713,allow,benign
2025-05-10 17:41:19,2.56.90.85,80.0,192.168.1.6,58047.0,UDP,74570,0,97,0,,5369.500999999999,allow,benign
2025-05-10 17:41:19,2.56.90.85,80.0,192.168.1.6,58047.0,UDP,76052,0,98,0,,5370.174999999999,allow,benign
2025-05-10 17:41:19,2.56.90.85,80.0,192.168.1.6,58047.0,UDP,77534,0,99,0,,5370.832,allow,benign
2025-05-10 17:41:19,2.56.90.85,80.0,192.168.1.6,58047.0,UDP,79016,0,100,0,,5371.434,allow,benign
2025-05-10 17:41:19,2.56.90.85,80.0,192.168.1.6,58047.0,UDP,80498,0,101,0,,5372.033,allow,benign
2025-05-10 17:41:19,192.168.1.6,58047.0,2.56.90.85,80.0,UDP,20914,0,85,0,,5503.553,allow,benign
2025-05-10 17:41:19,2.56.90.85,80.0,192.168.1.6,58047.0,UDP,81980,0,102,0,,5373.671,allow,benign
2025-05-10 17:41:19,192.168.1.6,58047.0,2.56.90.85,80.0,UDP,21036,0,86,0,,5505.1990000000005,allow,benign
2025-05-10 17:41:19,2.56.90.85,80.0,192.168.1.6,58047.0,UDP,82918,0,103,0,,5375.056,allow,benign
2025-05-10 17:41:19,2.56.90.85,80.0,192.168.1.6,58047.0,UDP,83040,0,104,0,,5375.651000000001,allow,benign
2025-05-10 17:41:19,192.168.1.6,58047.0,2.56.90.85,80.0,UDP,21158,0,87,0,,5507.089,allow,benign
2025-05-10 17:41:19,2.56.90.85,80.0,192.168.1.6,58047.0,UDP,83162,0,105,0,,5436.753000000001,allow,benign
2025-05-10 17:41:19,192.168.1.6,58047.0,2.56.90.85,80.0,UDP,21280,0,88,0,,5568.304,allow,benign
2025-05-10 17:41:19,192.168.1.6,58047.0,2.56.90.85,80.0,UDP,21418,0,89,0,,5590.05,allow,benign
2025-05-10 17:41:19,2.56.90.85,80.0,192.168.1.6,58047.0,UDP,83300,0,106,0,,5520.619,allow,benign
2025-05-10 17:41:19,192.168.1.6,58047.0,2.56.90.85,80.0,UDP,21540,0,90,0,,5652.169,allow,benign
2025-05-10 17:41:19,192.168.1.6,58047.0,2.56.90.85,80.0,UDP,21870,0,91,0,,5652.725,allow,benign
2025-05-10 17:41:19,2.56.90.85,80.0,192.168.1.6,58047.0,UDP,84782,0,107,0,,5597.141,allow,benign
2025-05-10 17:41:19,2.56.90.85,80.0,192.168.1.6,58047.0,UDP,86264,0,108,0,,5597.997,allow,benign
2025-05-10 17:41:19,2.56.90.85,80.0,192.168.1.6,58047.0,UDP,87426,0,109,0,,5598.872,allow,benign
2025-05-10 17:41:19,192.168.1.6,58047.0,2.56.90.85,80.0,UDP,21992,0,92,0,,5730.429,allow,benign
2025-05-10 17:41:19,192.168.1.6,58047.0,2.56.90.85,80.0,UDP,22274,0,93,0,,5731.033,allow,benign
2025-05-10 17:41:19,192.168.1.6,58047.0,2.56.90.85,80.0,UDP,22396,0,94,0,,5779.752,allow,benign
2025-05-10 17:41:19,2.56.90.85,80.0,192.168.1.6,58047.0,UDP,87596,0,110,0,,5663.258,allow,benign
2025-05-10 17:41:19,2.56.90.85,80.0,192.168.1.6,58047.0,UDP,87782,0,111,0,,5663.973999999999,allow,benign
2025-05-10 17:41:19,192.168.1.6,58047.0,2.56.90.85,80.0,UDP,22518,0,95,0,,5795.675,allow,benign
2025-05-10 17:41:19,192.168.1.6,58047.0,2.56.90.85,80.0,UDP,22720,0,96,0,,5799.097,allow,benign
2025-05-10 17:41:19,192.168.1.6,58047.0,2.56.90.85,80.0,UDP,24214,0,97,0,,5800.011,allow,benign
2025-05-10 17:41:19,192.168.1.6,58047.0,2.56.90.85,80.0,UDP,25708,0,98,0,,5800.92,allow,benign
2025-05-10 17:41:19,192.168.1.6,58047.0,2.56.90.85,80.0,UDP,26038,0,99,0,,5801.559,allow,benign
2025-05-10 17:41:19,192.168.1.6,58047.0,2.56.90.85,80.0,UDP,26192,0,100,0,,5802.107,allow,benign
2025-05-10 17:41:19,2.56.90.85,80.0,192.168.1.6,58047.0,UDP,87920,0,112,0,,5695.768,allow,benign
2025-05-10 17:41:19,2.56.90.85,80.0,192.168.1.6,58047.0,UDP,88138,0,113,0,,5713.872,allow,benign
2025-05-10 17:41:19,2.56.90.85,80.0,192.168.1.6,58047.0,UDP,88292,0,114,0,,5737.771000000001,allow,benign
2025-05-10 17:41:19,2.56.90.85,80.0,192.168.1.6,58047.0,UDP,88414,0,115,0,,5740.874,allow,benign
2025-05-10 17:41:19,2.56.90.85,80.0,192.168.1.6,58047.0,UDP,88536,0,116,0,,5743.457,allow,benign
2025-05-10 17:41:19,2.56.90.85,80.0,192.168.1.6,58047.0,UDP,88658,0,117,0,,5744.049,allow,benign
2025-05-10 17:41:19,192.168.1.6,58047.0,2.56.90.85,80.0,UDP,26314,0,101,0,,5886.435,allow,benign
2025-05-10 17:41:19,192.168.1.6,58047.0,2.56.90.85,80.0,UDP,26436,0,102,0,,5917.093000000001,allow,benign
2025-05-10 17:41:19,2.56.90.85,80.0,192.168.1.6,58047.0,UDP,90140,0,118,0,,5802.126,allow,benign
2025-05-10 17:41:19,2.56.90.85,80.0,192.168.1.6,58047.0,UDP,91622,0,119,0,,5806.365000000001,allow,benign
2025-05-10 17:41:19,192.168.1.6,58047.0,2.56.90.85,80.0,UDP,26558,0,103,0,,5937.939,allow,benign
2025-05-10 17:41:19,2.56.90.85,80.0,192.168.1.6,58047.0,UDP,93104,0,120,0,,5807.719999999999,allow,benign
2025-05-10 17:41:19,2.56.90.85,80.0,192.168.1.6,58047.0,UDP,94586,0,121,0,,5808.656,allow,benign
2025-05-10 17:41:19,192.168.1.6,58047.0,2.56.90.85,80.0,UDP,26680,0,104,0,,5940.067,allow,benign
2025-05-10 17:41:19,2.56.90.85,80.0,192.168.1.6,58047.0,UDP,96068,0,122,0,,5809.821,allow,benign
2025-05-10 17:41:19,2.56.90.85,80.0,192.168.1.6,58047.0,UDP,97550,0,123,0,,5810.512,allow,benign
2025-05-10 17:41:19,192.168.1.6,58047.0,2.56.90.85,80.0,UDP,26802,0,105,0,,5941.99,allow,benign
2025-05-10 17:41:19,2.56.90.85,80.0,192.168.1.6,58047.0,UDP,99032,0,124,0,,5811.759999999999,allow,benign
2025-05-10 17:41:19,2.56.90.85,80.0,192.168.1.6,58047.0,UDP,100514,0,125,0,,5812.338,allow,benign
2025-05-10 17:41:19,2.56.90.85,80.0,192.168.1.6,58047.0,UDP,101996,0,126,0,,5812.909000000001,allow,benign
2025-05-10 17:41:19,192.168.1.6,58047.0,2.56.90.85,80.0,UDP,26924,0,106,0,,5944.307,allow,benign
2025-05-10 17:41:19,2.56.90.85,80.0,192.168.1.6,58047.0,UDP,103478,0,127,0,,5814.053000000001,allow,benign
2025-05-10 17:41:19,192.168.1.6,58047.0,2.56.90.85,80.0,UDP,27046,0,107,0,,5945.432000000001,allow,benign
2025-05-10 17:41:19,2.56.90.85,80.0,192.168.1.6,58047.0,UDP,104960,0,128,0,,5815.21,allow,benign
2025-05-10 17:41:19,2.56.90.85,80.0,192.168.1.6,58047.0,UDP,106442,0,129,0,,5815.939,allow,benign
2025-05-10 17:41:19,192.168.1.6,58047.0,2.56.90.85,80.0,UDP,27168,0,108,0,,5947.315,allow,benign
2025-05-10 17:41:19,2.56.90.85,80.0,192.168.1.6,58047.0,UDP,107332,0,130,0,,5817.049,allow,benign
2025-05-10 17:41:19,192.168.1.6,58047.0,2.56.90.85,80.0,UDP,27290,0,109,0,,5980.505,allow,benign
2025-05-10 17:41:19,192.168.1.4,48170.0,239.255.255.250,1900.0,UDP,0,461,0,1,,0.0,allow,benign
2025-05-10 17:41:19,192.168.1.4,48170.0,239.255.255.250,1900.0,UDP,0,931,0,2,,1.162,allow,benign
2025-05-10 17:41:19,192.168.1.4,48170.0,239.255.255.250,1900.0,UDP,0,1446,0,3,,2.1870000000000003,allow,benign
2025-05-10 17:41:19,192.168.1.6,58047.0,2.56.90.85,80.0,UDP,27412,0,110,0,,5996.241,allow,benign
2025-05-10 17:41:19,192.168.1.4,39667.0,239.255.255.250,1900.0,UDP,0,1957,0,4,,7.181,allow,benign
2025-05-10 17:41:19,2.56.90.85,80.0,192.168.1.6,58047.0,UDP,108814,0,131,0,,5877.322,allow,benign
2025-05-10 17:41:19,2.56.90.85,80.0,192.168.1.6,58047.0,UDP,109432,0,132,0,,5878.15,allow,benign
2025-05-10 17:41:19,192.168.1.6,58047.0,2.56.90.85,80.0,UDP,27534,0,111,0,,6009.611,allow,benign
2025-05-10 17:41:19,192.168.1.6,58047.0,2.56.90.85,80.0,UDP,27656,0,112,0,,6020.844,allow,benign
2025-05-10 17:41:19,2.56.90.85,80.0,192.168.1.6,58047.0,UDP,109570,0,133,0,,5897.84,allow,benign
2025-05-10 17:41:19,2.56.90.85,80.0,192.168.1.6,58047.0,UDP,109788,0,134,0,,5915.259,allow,benign
2025-05-10 17:41:19,2.56.90.85,80.0,192.168.1.6,58047.0,UDP,109910,0,135,0,,5950.981,allow,benign
2025-05-10 17:41:19,192.168.1.6,58047.0,2.56.90.85,80.0,UDP,27778,0,113,0,,6082.47,allow,benign
2025-05-10 17:41:19,192.168.1.6,58047.0,2.56.90.85,80.0,UDP,27900,0,114,0,,6089.379,allow,benign
2025-05-10 17:41:19,192.168.1.4,35669.0,239.255.255.250,1900.0,UDP,0,2418,0,5,,106.266,allow,benign
2025-05-10 17:41:19,192.168.1.4,35669.0,239.255.255.250,1900.0,UDP,0,2888,0,6,,107.623,allow,benign
2025-05-10 17:41:19,192.168.1.4,35669.0,239.255.255.250,1900.0,UDP,0,3403,0,7,,108.73,allow,benign
2025-05-10 17:41:19,192.168.1.4,54284.0,239.255.255.250,1900.0,UDP,0,3914,0,8,,109.416,allow,benign
2025-05-10 17:41:19,2.56.90.85,80.0,192.168.1.6,58047.0,UDP,110128,0,136,0,,6016.157,allow,benign
2025-05-10 17:41:20,192.168.1.6,58047.0,2.56.90.85,80.0,UDP,28022,0,115,0,,6195.539,allow,benign
2025-05-10 17:41:20,192.168.1.6,58047.0,2.56.90.85,80.0,UDP,28256,0,116,0,,6228.138000000001,allow,benign
2025-05-10 17:41:20,2.56.90.85,80.0,192.168.1.6,58047.0,UDP,110250,0,137,0,,6147.851000000001,allow,benign
2025-05-10 17:41:20,192.168.1.6,58047.0,2.56.90.85,80.0,UDP,28442,0,117,0,,6416.572999999999,allow,benign
2025-05-10 17:41:20,192.168.1.6,58047.0,2.56.90.85,80.0,UDP,28628,0,118,0,,6417.249,allow,benign
2025-05-10 17:41:20,192.168.1.6,58047.0,2.56.90.85,80.0,UDP,28814,0,119,0,,6418.054,allow,benign
2025-05-10 17:41:20,192.168.1.6,58047.0,2.56.90.85,80.0,UDP,29000,0,120,0,,6419.572999999999,allow,benign
2025-05-10 17:41:20,2.56.90.85,80.0,192.168.1.6,58047.0,UDP,110372,0,138,0,,6336.804,allow,benign
2025-05-10 17:41:20,2.56.90.85,80.0,192.168.1.6,58047.0,UDP,110494,0,139,0,,6337.539,allow,benign
2025-05-10 17:41:20,2.56.90.85,80.0,192.168.1.6,58047.0,UDP,110616,0,140,0,,6338.106,allow,benign
2025-05-10 17:41:20,2.56.90.85,80.0,192.168.1.6,58047.0,UDP,110738,0,141,0,,6340.853,allow,benign
2025-05-10 17:41:20,192.168.1.6,58047.0,2.56.90.85,80.0,UDP,29122,0,121,0,,6644.042,allow,benign
2025-05-10 17:41:20,2.56.90.85,80.0,192.168.1.6,58047.0,UDP,110876,0,142,0,,6561.298,allow,benign
2025-05-10 17:41:20,2.56.90.85,80.0,192.168.1.6,58047.0,UDP,111414,0,143,0,,6566.718,allow,benign
2025-05-10 17:41:20,192.168.1.6,58047.0,2.56.90.85,80.0,UDP,29244,0,122,0,,6721.163,allow,benign
2025-05-10 17:41:20,192.168.1.6,58047.0,2.56.90.85,80.0,UDP,29366,0,123,0,,6751.439,allow,benign
2025-05-10 17:41:20,2.56.90.85,80.0,192.168.1.6,58047.0,UDP,111552,0,144,0,,6641.124,allow,benign
2025-05-10 17:41:20,192.168.1.6,58047.0,2.56.90.85,80.0,UDP,29488,0,124,0,,6874.357,allow,benign
2025-05-10 17:41:20,192.168.1.6,58047.0,2.56.90.85,80.0,UDP,29610,0,125,0,,6906.407999999999,allow,benign
2025-05-10 17:41:20,2.56.90.85,80.0,192.168.1.6,58047.0,UDP,111690,0,145,0,,6792.536,allow,benign
2025-05-10 17:41:20,2.56.90.85,80.0,192.168.1.6,58047.0,UDP,111828,0,146,0,,6821.773,allow,benign
2025-05-10 17:41:20,2.56.90.85,80.0,192.168.1.6,58047.0,UDP,112030,0,147,0,,6865.789000000001,allow,benign
2025-05-10 17:41:20,192.168.1.6,58047.0,2.56.90.85,80.0,UDP,29732,0,126,0,,7045.237,allow,benign
2025-05-10 17:41:21,192.168.1.6,58047.0,2.56.90.85,80.0,UDP,29854,0,127,0,,7324.741,allow,benign
2025-05-10 17:41:21,2.56.90.85,80.0,192.168.1.6,58047.0,UDP,112168,0,148,0,,7241.117,allow,benign
2025-05-10 17:41:21,2.56.90.85,80.0,192.168.1.6,58047.0,UDP,112386,0,149,0,,7414.527999999999,allow,benign
2025-05-10 17:41:21,192.168.1.6,58047.0,2.56.90.85,80.0,UDP,29976,0,128,0,,7585.888,allow,benign
2025-05-10 17:41:21,2.56.90.85,80.0,192.168.1.6,58047.0,UDP,112524,0,150,0,,7574.483,allow,benign
2025-05-10 17:41:21,2.56.90.85,80.0,192.168.1.6,58047.0,UDP,112646,0,151,0,,7575.144,allow,benign
2025-05-10 17:41:21,192.168.1.6,58047.0,2.56.90.85,80.0,UDP,30098,0,129,0,,7706.514,allow,benign
2025-05-10 17:41:21,192.168.1.6,58047.0,2.56.90.85,80.0,UDP,30220,0,130,0,,8069.264999999999,allow,benign
2025-05-10 17:41:21,2.56.90.85,80.0,192.168.1.6,58047.0,UDP,112864,0,152,0,,7964.41,allow,benign
2025-05-10 17:41:21,2.56.90.85,80.0,192.168.1.6,58047.0,UDP,113002,0,153,0,,7984.686,allow,benign
2025-05-10 17:41:21,192.168.1.6,58047.0,2.56.90.85,80.0,UDP,30342,0,131,0,,8146.938,allow,benign
2025-05-10 17:41:22,192.168.1.6,58047.0,2.56.90.85,80.0,UDP,30464,0,132,0,,8164.652,allow,benign
2025-05-10 17:41:22,2.56.90.85,80.0,192.168.1.6,58047.0,UDP,113140,0,154,0,,8079.891,allow,benign
2025-05-10 17:41:22,2.56.90.85,80.0,192.168.1.6,58047.0,UDP,113342,0,155,0,,8214.551,allow,benign
2025-05-10 17:41:22,192.168.1.6,58047.0,2.56.90.85,80.0,UDP,30586,0,133,0,,8395.396,allow,benign
2025-05-10 17:41:22,192.168.1.6,58047.0,2.56.90.85,80.0,UDP,30708,0,134,0,,8520.624,allow,benign
2025-05-10 17:41:22,2.56.90.85,80.0,192.168.1.6,58047.0,UDP,113480,0,156,0,,8435.884,allow,benign
2025-05-10 17:41:22,192.168.1.6,58047.0,2.56.90.85,80.0,UDP,30830,0,135,0,,8999.01,allow,benign
2025-05-10 17:41:22,2.56.90.85,80.0,192.168.1.6,58047.0,UDP,113618,0,157,0,,8916.738000000001,allow,benign
2025-05-10 17:41:22,192.168.1.6,58047.0,2.56.90.85,80.0,UDP,30952,0,136,0,,9048.3,allow,benign
2025-05-10 17:41:22,2.56.90.85,80.0,192.168.1.6,58047.0,UDP,113756,0,158,0,,8963.376,allow,benign
2025-05-10 17:41:23,2.56.90.85,80.0,192.168.1.6,58047.0,UDP,113974,0,159,0,,9115.423,allow,benign
2025-05-10 17:41:23,192.168.1.6,58047.0,2.56.90.85,80.0,UDP,31074,0,137,0,,9291.268,allow,benign
2025-05-10 17:41:23,2.56.90.85,80.0,192.168.1.6,58047.0,UDP,114192,0,160,0,,9266.05,allow,benign
2025-05-10 17:41:23,192.168.1.6,58047.0,2.56.90.85,80.0,UDP,31196,0,138,0,,9449.946,allow,benign
2025-05-10 17:41:23,2.56.90.85,80.0,192.168.1.6,58047.0,UDP,114410,0,161,0,,9465.523,allow,benign
2025-05-10 17:41:23,192.168.1.6,58047.0,2.56.90.85,80.0,UDP,31318,0,139,0,,9648.873,allow,benign
2025-05-10 17:41:23,192.168.1.6,58047.0,2.56.90.85,80.0,UDP,31440,0,140,0,,9680.434,allow,benign
2025-05-10 17:41:23,192.168.1.11,5353.0,224.0.0.251,5353.0,UDP,0,248,0,2,,9024.478,allow,benign
2025-05-10 17:41:23,2.56.90.85,80.0,192.168.1.6,58047.0,UDP,114628,0,162,0,,9667.012,allow,benign
2025-05-10 17:41:23,2.56.90.85,80.0,192.168.1.6,58047.0,UDP,114766,0,163,0,,9676.767,allow,benign
2025-05-10 17:41:23,192.168.1.6,58047.0,2.56.90.85,80.0,UDP,31562,0,141,0,,9851.002,allow,benign
2025-05-10 17:41:23,192.168.1.13,,192.168.1.6,,ICMP,114832,0,164,0,,9826.918,allow,benign
2025-05-10 17:41:23,192.168.1.6,58047.0,2.56.90.85,80.0,UDP,31684,0,142,0,,10129.988,allow,benign
2025-05-10 17:41:24,2.56.90.85,80.0,192.168.1.6,58047.0,UDP,114970,0,165,0,,10047.009,allow,benign
2025-05-10 17:41:24,192.168.1.6,58047.0,2.56.90.85,80.0,UDP,31806,0,143,0,,10389.31,allow,benign
2025-05-10 17:41:24,2.56.90.85,80.0,192.168.1.6,58047.0,UDP,115108,0,166,0,,10312.967,allow,benign
2025-05-10 17:41:24,2.56.90.85,80.0,192.168.1.6,58047.0,UDP,115326,0,167,0,,10467.037,allow,benign
2025-05-10 17:41:24,2.56.90.85,80.0,192.168.1.6,58047.0,UDP,115544,0,168,0,,10515.783,allow,benign
2025-05-10 17:41:24,192.168.1.6,58047.0,2.56.90.85,80.0,UDP,31928,0,144,0,,10647.544999999998,allow,benign
2025-05-10 17:41:24,192.168.1.6,58047.0,2.56.90.85,80.0,UDP,32050,0,145,0,,10693.278,allow,benign
2025-05-10 17:41:25,2.56.90.85,80.0,192.168.1.6,58047.0,UDP,115762,0,169,0,,11265.415,allow,benign
2025-05-10 17:41:25,192.168.1.6,58047.0,2.56.90.85,80.0,UDP,32172,0,146,0,,11438.677,allow,benign
2025-05-10 17:41:25,2.56.90.85,80.0,192.168.1.6,58047.0,UDP,115916,0,170,0,,11925.263,allow,benign
2025-05-10 17:41:25,2.56.90.85,80.0,192.168.1.6,58047.0,UDP,116054,0,171,0,,11926.329000000002,allow,benign
2025-05-10 17:41:25,2.56.90.85,80.0,192.168.1.6,58047.0,UDP,116176,0,172,0,,11926.968,allow,benign
2025-05-10 17:41:25,192.168.1.6,58047.0,2.56.90.85,80.0,UDP,32294,0,147,0,,12058.516,allow,benign
2025-05-10 17:41:25,192.168.1.6,58047.0,2.56.90.85,80.0,UDP,32416,0,148,0,,12059.193,allow,benign
2025-05-10 17:41:25,2.56.90.85,80.0,192.168.1.6,58047.0,UDP,116298,0,173,0,,11978.070000000002,allow,benign
2025-05-10 17:41:26,192.168.1.6,58047.0,2.56.90.85,80.0,UDP,32538,0,149,0,,12638.837,allow,benign
2025-05-10 17:41:26,2.56.90.85,80.0,192.168.1.6,58047.0,UDP,116436,0,174,0,,12570.168,allow,benign
2025-05-10 17:41:27,192.168.1.6,58047.0,2.56.90.85,80.0,UDP,32660,0,150,0,,13683.514,allow,benign
2025-05-10 17:41:27,2.56.90.85,80.0,192.168.1.6,58047.0,UDP,116574,0,175,0,,13600.068,allow,benign
2025-05-10 17:41:27,2.56.90.85,80.0,192.168.1.6,58047.0,UDP,116776,0,176,0,,13616.191,allow,benign
2025-05-10 17:41:27,192.168.1.6,58047.0,2.56.90.85,80.0,UDP,32782,0,151,0,,13791.151,allow,benign
2025-05-10 17:41:27,192.168.1.6,58047.0,2.56.90.85,80.0,UDP,32904,0,152,0,,13901.275,allow,benign
2025-05-10 17:41:27,2.56.90.85,80.0,192.168.1.6,58047.0,UDP,116914,0,177,0,,13815.812,allow,benign
2025-05-10 17:41:28,2.56.90.85,80.0,192.168.1.6,58047.0,UDP,117132,0,178,0,,14166.745,allow,benign
2025-05-10 17:41:28,192.168.1.6,58047.0,2.56.90.85,80.0,UDP,33026,0,153,0,,14333.394,allow,benign
2025-05-10 17:41:28,192.168.1.6,58047.0,2.56.90.85,80.0,UDP,33148,0,154,0,,14348.945,allow,benign
2025-05-10 17:41:28,2.56.90.85,80.0,192.168.1.6,58047.0,UDP,117270,0,179,0,,14250.201,allow,benign
2025-05-10 17:41:28,2.56.90.85,80.0,192.168.1.6,58047.0,UDP,117536,0,180,0,,14564.853,allow,benign
2025-05-10 17:41:28,192.168.1.6,58047.0,2.56.90.85,80.0,UDP,33270,0,155,0,,14750.701,allow,benign
2025-05-10 17:41:28,2.56.90.85,80.0,192.168.1.6,58047.0,UDP,117690,0,181,0,,14734.375,allow,benign
2025-05-10 17:41:28,192.168.1.6,58047.0,2.56.90.85,80.0,UDP,33424,0,156,0,,14866.31,allow,benign
2025-05-10 17:41:28,192.168.1.13,41474.0,192.168.1.6,80.0,TCP,117764,0,182,0,SYN,14823.143999999998,allow,benign
2025-05-10 17:41:28,2.56.90.85,80.0,192.168.1.6,58047.0,UDP,117886,0,183,0,SYN,14861.621,allow,benign
2025-05-10 17:41:29,192.168.1.6,58047.0,2.56.90.85,80.0,UDP,33546,0,157,0,,15295.785,allow,benign
2025-05-10 17:41:29,2.56.90.85,80.0,192.168.1.6,58047.0,UDP,118024,0,184,0,SYN,15210.317,allow,benign
2025-05-10 17:41:29,192.168.1.6,58047.0,2.56.90.85,80.0,UDP,33668,0,158,0,,15388.206,allow,benign
2025-05-10 17:41:29,2.56.90.85,80.0,192.168.1.6,58047.0,UDP,118162,0,185,0,SYN,15303.634,allow,benign
2025-05-10 17:41:29,192.168.1.6,58047.0,2.56.90.85,80.0,UDP,33790,0,159,0,,15589.022,allow,benign
2025-05-10 17:41:29,192.168.1.6,58047.0,2.56.90.85,80.0,UDP,33912,0,160,0,,15633.721,allow,benign
2025-05-10 17:41:29,2.56.90.85,80.0,192.168.1.6,58047.0,UDP,118300,0,186,0,SYN,15508.967,allow,benign
2025-05-10 17:41:29,2.56.90.85,80.0,192.168.1.6,58047.0,UDP,118438,0,187,0,SYN,15548.809,allow,benign
2025-05-10 17:41:29,192.168.1.6,58047.0,2.56.90.85,80.0,UDP,34034,0,161,0,,15788.895,allow,benign
2025-05-10 17:41:29,192.168.1.6,58047.0,2.56.90.85,80.0,UDP,34156,0,162,0,,15804.759,allow,benign
2025-05-10 17:41:29,2.56.90.85,80.0,192.168.1.6,58047.0,UDP,118576,0,188,0,SYN,15704.388,allow,benign
2025-05-10 17:41:29,2.56.90.85,80.0,192.168.1.6,58047.0,UDP,118714,0,189,0,SYN,15750.652,allow,benign
2025-05-10 17:41:29,192.168.1.13,41474.0,192.168.1.6,80.0,TCP,118788,0,190,0,SYN,15820.961,allow,benign
2025-05-10 17:41:29,2.56.90.85,80.0,192.168.1.6,58047.0,UDP,119006,0,191,0,SYN,15916.97,allow,benign
2025-05-10 17:41:29,192.168.1.6,58047.0,2.56.90.85,80.0,UDP,34278,0,163,0,,16097.7,allow,benign
2025-05-10 17:41:30,192.168.1.6,58047.0,2.56.90.85,80.0,UDP,34400,0,164,0,,16175.118,allow,benign
2025-05-10 17:41:30,2.56.90.85,80.0,192.168.1.6,58047.0,UDP,119144,0,192,0,SYN,16112.615000000002,allow,benign
2025-05-10 17:41:30,2.56.90.85,80.0,192.168.1.6,58047.0,UDP,119362,0,193,0,SYN,16165.534999999998,allow,benign
2025-05-10 17:41:30,192.168.1.6,58047.0,2.56.90.85,80.0,UDP,34522,0,165,0,,16328.988,allow,benign
2025-05-10 17:41:30,192.168.1.6,58047.0,2.56.90.85,80.0,UDP,34644,0,166,0,,16344.683,allow,benign
2025-05-10 17:41:30,2.56.90.85,80.0,192.168.1.6,58047.0,UDP,119500,0,194,0,SYN,16244.326,allow,benign
2025-05-10 17:41:30,2.56.90.85,80.0,192.168.1.6,58047.0,UDP,119702,0,195,0,SYN,16265.435,allow,benign
2025-05-10 17:41:30,192.168.1.6,58047.0,2.56.90.85,80.0,UDP,34766,0,167,0,,16404.824999999997,allow,benign
2025-05-10 17:41:30,2.56.90.85,80.0,192.168.1.6,58047.0,UDP,119968,0,196,0,SYN,16315.764,allow,benign
2025-05-10 17:41:30,192.168.1.6,58047.0,2.56.90.85,80.0,UDP,34888,0,168,0,,16447.613,allow,benign
2025-05-10 17:41:30,2.56.90.85,80.0,192.168.1.6,58047.0,UDP,120106,0,197,0,SYN,16320.532,allow,benign
2025-05-10 17:41:30,192.168.1.6,58047.0,2.56.90.85,80.0,UDP,35074,0,169,0,,16628.806,allow,benign
2025-05-10 17:41:30,192.168.1.6,58047.0,2.56.90.85,80.0,UDP,35260,0,170,0,,16629.618000000002,allow,benign
2025-05-10 17:41:30,192.168.1.6,58047.0,2.56.90.85,80.0,UDP,35446,0,171,0,,16631.252,allow,benign
2025-05-10 17:41:30,192.168.1.6,58047.0,2.56.90.85,80.0,UDP,35632,0,172,0,,16643.132999999998,allow,benign
2025-05-10 17:41:30,2.56.90.85,80.0,192.168.1.6,58047.0,UDP,120228,0,198,0,SYN,16549.083,allow,benign
2025-05-10 17:41:30,2.56.90.85,80.0,192.168.1.6,58047.0,UDP,120350,0,199,0,SYN,16549.742,allow,benign
2025-05-10 17:41:30,2.56.90.85,80.0,192.168.1.6,58047.0,UDP,120472,0,200,0,SYN,16550.265,allow,benign
2025-05-10 17:41:30,2.56.90.85,80.0,192.168.1.6,58047.0,UDP,120594,0,201,0,SYN,16551.894,allow,benign
2025-05-10 17:41:30,2.56.90.85,80.0,192.168.1.6,58047.0,UDP,120812,0,202,0,SYN,16567.378,allow,benign
2025-05-10 17:41:30,2.56.90.85,80.0,192.168.1.6,58047.0,UDP,121030,0,203,0,SYN,16615.122,allow,benign
2025-05-10 17:41:30,192.168.1.6,58047.0,2.56.90.85,80.0,UDP,35754,0,173,0,,16746.915,allow,benign
2025-05-10 17:41:30,192.168.1.6,58047.0,2.56.90.85,80.0,UDP,35876,0,174,0,,16762.774,allow,benign
2025-05-10 17:41:30,2.56.90.85,80.0,192.168.1.6,58047.0,UDP,121168,0,204,0,SYN,16677.416999999998,allow,benign
2025-05-10 17:41:30,192.168.1.6,58047.0,2.56.90.85,80.0,UDP,35998,0,175,0,,16854.626,allow,benign
2025-05-10 17:41:30,2.56.90.85,80.0,192.168.1.6,58047.0,UDP,121706,0,205,0,SYN,16767.99,allow,benign
2025-05-10 17:41:30,192.168.1.6,58047.0,2.56.90.85,80.0,UDP,36120,0,176,0,,16904.323,allow,benign
2025-05-10 17:41:30,192.168.1.6,58047.0,2.56.90.85,80.0,UDP,36242,0,177,0,,16948.019,allow,benign
2025-05-10 17:41:30,2.56.90.85,80.0,192.168.1.6,58047.0,UDP,121844,0,206,0,SYN,16901.189,allow,benign
2025-05-10 17:41:30,2.56.90.85,80.0,192.168.1.6,58047.0,UDP,121982,0,207,0,SYN,16952.641,allow,benign
2025-05-10 17:41:31,192.168.1.6,58047.0,2.56.90.85,80.0,UDP,36364,0,178,0,,17214.975,allow,benign
2025-05-10 17:41:31,2.56.90.85,80.0,192.168.1.6,58047.0,UDP,122120,0,208,0,SYN,17132.186999999998,allow,benign
2025-05-10 17:41:31,2.56.90.85,80.0,192.168.1.6,58047.0,UDP,122338,0,209,0,SYN,17817.752,allow,benign
2025-05-10 17:41:31,192.168.1.6,58047.0,2.56.90.85,80.0,UDP,36486,0,179,0,,18003.202999999998,allow,benign
2025-05-10 17:41:32,192.168.1.6,58047.0,2.56.90.85,80.0,UDP,36608,0,180,0,,18501.787,allow,benign
2025-05-10 17:41:32,192.168.1.6,58047.0,2.56.90.85,80.0,UDP,36730,0,181,0,,18545.783,allow,benign
2025-05-10 17:41:32,2.56.90.85,80.0,192.168.1.6,58047.0,UDP,122476,0,210,0,SYN,18417.999,allow,benign
2025-05-10 17:41:32,2.56.90.85,80.0,192.168.1.6,58047.0,UDP,122614,0,211,0,SYN,18461.527,allow,benign
2025-05-10 17:41:33,2.56.90.85,80.0,192.168.1.6,58047.0,UDP,122832,0,212,0,SYN,19416.166,allow,benign
2025-05-10 17:41:33,192.168.1.6,58047.0,2.56.90.85,80.0,UDP,36852,0,182,0,,19603.157,allow,benign
2025-05-10 17:41:33,2.56.90.85,80.0,192.168.1.6,58047.0,UDP,123050,0,213,0,SYN,19514.988,allow,benign
2025-05-10 17:41:33,192.168.1.6,58047.0,2.56.90.85,80.0,UDP,36974,0,183,0,,19695.737,allow,benign
2025-05-10 17:41:33,2.56.90.85,80.0,192.168.1.6,58047.0,UDP,123268,0,214,0,SYN,19620.327,allow,benign
2025-05-10 17:41:33,192.168.1.6,58047.0,2.56.90.85,80.0,UDP,37096,0,184,0,,19788.536,allow,benign
2025-05-10 17:41:33,2.56.90.85,80.0,192.168.1.6,58047.0,UDP,123534,0,215,0,SYN,19816.024,allow,benign
2025-05-10 17:41:33,192.168.1.6,58047.0,2.56.90.85,80.0,UDP,37218,0,185,0,,19990.67,allow,benign
2025-05-10 17:41:33,2.56.90.85,80.0,192.168.1.6,58047.0,UDP,123752,0,216,0,SYN,19867.699,allow,benign
2025-05-10 17:41:33,192.168.1.6,58047.0,2.56.90.85,80.0,UDP,37340,0,186,0,,20052.21,allow,benign
2025-05-10 17:41:33,2.56.90.85,80.0,192.168.1.6,58047.0,UDP,123906,0,217,0,SYN,19966.875,allow,benign
2025-05-10 17:41:33,2.56.90.85,80.0,192.168.1.6,58047.0,UDP,124044,0,218,0,SYN,19968.414,allow,benign
2025-05-10 17:41:33,192.168.1.6,58047.0,2.56.90.85,80.0,UDP,37462,0,187,0,,20100.179,allow,benign
2025-05-10 17:41:34,192.168.1.8,5353.0,224.0.0.251,5353.0,UDP,0,325,0,1,,0.001,allow,benign
2025-05-10 17:41:34,192.168.1.8,5353.0,224.0.0.251,5353.0,UDP,0,425,0,2,,0.921,allow,benign
2025-05-10 17:41:34,192.168.1.8,5353.0,224.0.0.251,5353.0,UDP,0,680,0,3,,104.754,allow,benign
2025-05-10 17:41:34,2.56.90.85,80.0,192.168.1.6,58047.0,UDP,124262,0,219,0,SYN,20666.825,allow,benign
2025-05-10 17:41:34,192.168.1.6,58047.0,2.56.90.85,80.0,UDP,37584,0,188,0,,20839.235,allow,benign
2025-05-10 17:41:34,2.56.90.85,80.0,192.168.1.6,58047.0,UDP,124480,0,220,0,SYN,20965.302,allow,benign
2025-05-10 17:41:34,192.168.1.8,5353.0,224.0.0.251,5353.0,UDP,0,935,0,4,,522.497,allow,benign
2025-05-10 17:41:34,192.168.1.6,58047.0,2.56.90.85,80.0,UDP,37706,0,189,0,,21149.221,allow,benign
2025-05-10 17:41:35,192.168.1.8,5353.0,224.0.0.251,5353.0,UDP,0,1190,0,5,,606.536,allow,benign
2025-05-10 17:41:35,2.56.90.85,80.0,192.168.1.6,58047.0,UDP,124698,0,221,0,SYN,21117.153,allow,benign
2025-05-10 17:41:35,192.168.1.8,5353.0,224.0.0.251,5353.0,UDP,0,1515,0,6,,638.1510000000001,allow,benign
2025-05-10 17:41:35,192.168.1.6,58047.0,2.56.90.85,80.0,UDP,37828,0,190,0,,21289.469,allow,benign
2025-05-10 17:41:35,192.168.1.6,58047.0,2.56.90.85,80.0,UDP,37950,0,191,0,,21397.085,allow,benign
2025-05-10 17:41:35,192.168.1.8,5353.0,224.0.0.251,5353.0,UDP,0,1615,0,7,,798.2320000000001,allow,benign
2025-05-10 17:41:35,2.56.90.85,80.0,192.168.1.6,58047.0,UDP,124916,0,222,0,SYN,21314.294,allow,benign
2025-05-10 17:41:35,2.56.90.85,80.0,192.168.1.6,58047.0,UDP,125054,0,223,0,SYN,21314.95,allow,benign
2025-05-10 17:41:35,192.168.1.6,58047.0,2.56.90.85,80.0,UDP,38072,0,192,0,,21474.085,allow,benign
2025-05-10 17:41:35,192.168.1.8,5353.0,224.0.0.251,5353.0,UDP,0,1991,0,8,,869.047,allow,benign
2025-05-10 17:41:35,192.168.1.6,58047.0,2.56.90.85,80.0,UDP,38194,0,193,0,,21489.509,allow,benign
2025-05-10 17:41:35,2.56.90.85,80.0,192.168.1.6,58047.0,UDP,125192,0,224,0,SYN,21389.383,allow,benign
2025-05-10 17:41:35,192.168.1.6,58047.0,2.56.90.85,80.0,UDP,38316,0,194,0,,21673.983,allow,benign
2025-05-10 17:41:35,192.168.1.6,58047.0,2.56.90.85,80.0,UDP,38438,0,195,0,,21674.694,allow,benign
2025-05-10 17:41:35,2.56.90.85,80.0,192.168.1.6,58047.0,UDP,125330,0,225,0,SYN,21590.067000000003,allow,benign
2025-05-10 17:41:35,192.168.1.6,58047.0,2.56.90.85,80.0,UDP,38560,0,196,0,,21721.577,allow,benign
2025-05-10 17:41:35,2.56.90.85,80.0,192.168.1.6,58047.0,UDP,125468,0,226,0,SYN,21592.379,allow,benign
2025-05-10 17:41:35,192.168.1.6,58047.0,2.56.90.85,80.0,UDP,38682,0,197,0,,21752.385,allow,benign
2025-05-10 17:41:35,2.56.90.85,80.0,192.168.1.6,58047.0,UDP,125606,0,227,0,SYN,21636.707,allow,benign
2025-05-10 17:41:35,2.56.90.85,80.0,192.168.1.6,58047.0,UDP,125744,0,228,0,SYN,21667.761,allow,benign
2025-05-10 17:41:35,192.168.1.6,58047.0,2.56.90.85,80.0,UDP,38804,0,198,0,,21831.185,allow,benign
2025-05-10 17:41:35,2.56.90.85,80.0,192.168.1.6,58047.0,UDP,125882,0,229,0,SYN,21749.392,allow,benign
2025-05-10 17:41:35,192.168.1.6,58047.0,2.56.90.85,80.0,UDP,38926,0,199,0,,22047.705,allow,benign
2025-05-10 17:41:35,2.56.90.85,80.0,192.168.1.6,58047.0,UDP,126020,0,230,0,SYN,21963.492,allow,benign
2025-05-10 17:41:36,192.168.1.8,5353.0,224.0.0.251,5353.0,UDP,0,2367,0,9,,1871.471,allow,benign
2025-05-10 17:41:36,192.168.1.6,58047.0,2.56.90.85,80.0,UDP,39048,0,200,0,,22654.229,allow,benign
2025-05-10 17:41:36,2.56.90.85,80.0,192.168.1.6,58047.0,UDP,126158,0,231,0,SYN,22586.237,allow,benign
2025-05-10 17:41:37,2.56.90.85,80.0,192.168.1.6,58047.0,UDP,126520,0,232,0,SYN,23065.272,allow,benign
2025-05-10 17:41:37,192.168.1.8,5353.0,224.0.0.251,5353.0,UDP,0,2546,0,10,,2623.032,allow,benign
2025-05-10 17:41:37,192.168.1.6,58047.0,2.56.90.85,80.0,UDP,39170,0,201,0,,23242.945,allow,benign
2025-05-10 17:41:37,192.168.1.15,5353.0,224.0.0.251,5353.0,UDP,0,254,0,1,,0.001,allow,benign
2025-05-10 17:41:37,192.168.1.15,5353.0,224.0.0.251,5353.0,UDP,0,347,0,2,,0.762,allow,benign
2025-05-10 17:41:37,2.56.90.85,80.0,192.168.1.6,58047.0,UDP,126738,0,233,0,SYN,23565.245000000003,allow,benign
2025-05-10 17:41:37,192.168.1.15,5353.0,224.0.0.251,5353.0,UDP,0,440,0,3,,261.731,allow,benign
2025-05-10 17:41:37,192.168.1.6,58047.0,2.56.90.85,80.0,UDP,39292,0,202,0,,23750.847,allow,benign
2025-05-10 17:41:37,192.168.1.15,5353.0,224.0.0.251,5353.0,UDP,0,533,0,4,,524.8340000000001,allow,benign
2025-05-10 17:41:37,2.56.90.85,80.0,192.168.1.6,58047.0,UDP,127276,0,234,0,SYN,23964.408,allow,benign
2025-05-10 17:41:37,2.56.90.85,80.0,192.168.1.6,58047.0,UDP,127510,0,235,0,SYN,23965.114,allow,benign
2025-05-10 17:41:37,192.168.1.6,58047.0,2.56.90.85,80.0,UDP,39414,0,203,0,,24096.506,allow,benign
2025-05-10 17:41:37,2.56.90.85,80.0,192.168.1.6,58047.0,UDP,127728,0,236,0,SYN,24014.421,allow,benign
2025-05-10 17:41:38,192.168.1.6,58047.0,2.56.90.85,80.0,UDP,39536,0,204,0,,24198.653,allow,benign
2025-05-10 17:41:38,192.168.1.15,5353.0,224.0.0.251,5353.0,UDP,0,908,0,5,,790.357,allow,benign
2025-05-10 17:41:38,192.168.1.15,5353.0,224.0.0.251,5353.0,UDP,0,1219,0,6,,802.489,allow,benign
2025-05-10 17:41:38,2.56.90.85,80.0,192.168.1.6,58047.0,UDP,127946,0,237,0,SYN,24315.016,allow,benign
2025-05-10 17:41:38,192.168.1.6,58047.0,2.56.90.85,80.0,UDP,39658,0,205,0,,24492.755,allow,benign
2025-05-10 17:41:38,192.168.1.13,,192.168.1.6,,ICMP,128012,0,238,0,SYN,24832.214,allow,benign
2025-05-10 17:41:38,2.56.90.85,80.0,192.168.1.6,58047.0,UDP,128230,0,239,0,SYN,24868.016,allow,benign
2025-05-10 17:41:38,192.168.1.6,58047.0,2.56.90.85,80.0,UDP,39780,0,206,0,,25047.042,allow,benign
2025-05-10 17:41:39,2.56.90.85,80.0,192.168.1.6,58047.0,UDP,128432,0,240,0,SYN,25115.298,allow,benign
2025-05-10 17:41:39,2.56.90.85,80.0,192.168.1.6,58047.0,UDP,128602,0,241,0,SYN,25145.124,allow,benign
2025-05-10 17:41:39,2.56.90.85,80.0,192.168.1.6,58047.0,UDP,128756,0,242,0,SYN,25145.766,allow,benign
2025-05-10 17:41:39,2.56.90.85,80.0,192.168.1.6,58047.0,UDP,128878,0,243,0,SYN,25146.28,allow,benign
2025-05-10 17:41:39,192.168.1.6,58047.0,2.56.90.85,80.0,UDP,39902,0,207,0,,25277.656,allow,benign
2025-05-10 17:41:39,192.168.1.6,58047.0,2.56.90.85,80.0,UDP,40024,0,208,0,,25278.246,allow,benign
2025-05-10 17:41:39,192.168.1.6,58047.0,2.56.90.85,80.0,UDP,40146,0,209,0,,25295.147,allow,benign
2025-05-10 17:41:39,2.56.90.85,80.0,192.168.1.6,58047.0,UDP,129000,0,244,0,SYN,25199.73,allow,benign
2025-05-10 17:41:39,2.56.90.85,80.0,192.168.1.6,58047.0,UDP,129138,0,245,0,SYN,25343.697,allow,benign
2025-05-10 17:41:39,2.56.90.85,80.0,192.168.1.6,58047.0,UDP,129260,0,246,0,SYN,25344.35,allow,benign
2025-05-10 17:41:39,192.168.1.6,58047.0,2.56.90.85,80.0,UDP,40268,0,210,0,,25475.788,allow,benign
2025-05-10 17:41:39,2.56.90.85,80.0,192.168.1.6,58047.0,UDP,129478,0,247,0,SYN,25665.845,allow,benign
2025-05-10 17:41:39,192.168.1.6,58047.0,2.56.90.85,80.0,UDP,40390,0,211,0,,25838.446,allow,benign
2025-05-10 17:41:39,192.168.1.4,56391.0,239.255.255.250,1900.0,UDP,0,4375,0,9,,20001.693,allow,benign
2025-05-10 17:41:39,192.168.1.4,56391.0,239.255.255.250,1900.0,UDP,0,4845,0,10,,20003.184,allow,benign
2025-05-10 17:41:39,192.168.1.4,56391.0,239.255.255.250,1900.0,UDP,0,5360,0,11,,20004.842,allow,benign
2025-05-10 17:41:39,192.168.1.4,57035.0,239.255.255.250,1900.0,UDP,0,5871,0,12,,20006.353,allow,benign
2025-05-10 17:41:39,192.168.1.4,33674.0,239.255.255.250,1900.0,UDP,0,6332,0,13,,20103.464,allow,benign
2025-05-10 17:41:39,192.168.1.4,33674.0,239.255.255.250,1900.0,UDP,0,6802,0,14,,20104.346,allow,benign
2025-05-10 17:41:39,192.168.1.4,33674.0,239.255.255.250,1900.0,UDP,0,7317,0,15,,20105.15,allow,benign
2025-05-10 17:41:39,192.168.1.4,52557.0,239.255.255.250,1900.0,UDP,0,7828,0,16,,20105.998,allow,benign
2025-05-10 17:41:39,192.168.1.6,58047.0,2.56.90.85,80.0,UDP,40512,0,212,0,,26120.928,allow,benign
2025-05-10 17:41:40,192.168.1.6,58047.0,2.56.90.85,80.0,UDP,40634,0,213,0,,26151.019,allow,benign
2025-05-10 17:41:40,2.56.90.85,80.0,192.168.1.6,58047.0,UDP,129616,0,248,0,SYN,26044.023,allow,benign
2025-05-10 17:41:40,2.56.90.85,80.0,192.168.1.6,58047.0,UDP,129754,0,249,0,SYN,26066.899,allow,benign
2025-05-10 17:41:40,2.56.90.85,80.0,192.168.1.6,58047.0,UDP,129972,0,250,0,SYN,26215.568,allow,benign
2025-05-10 17:41:40,192.168.1.6,58047.0,2.56.90.85,80.0,UDP,40756,0,214,0,,26398.032,allow,benign
2025-05-10 17:41:40,192.168.1.13,56700.0,255.255.255.255,56700.0,UDP,0,78,0,1,,0.001,allow,benign
2025-05-10 17:41:40,192.168.1.6,58047.0,2.56.90.85,80.0,UDP,40942,0,215,0,,26809.001,allow,benign
2025-05-10 17:41:40,192.168.1.6,58047.0,2.56.90.85,80.0,UDP,41128,0,216,0,,26810.946,allow,benign
2025-05-10 17:41:40,2.56.90.85,80.0,192.168.1.6,58047.0,UDP,130094,0,251,0,SYN,26731.954,allow,benign
2025-05-10 17:41:40,2.56.90.85,80.0,192.168.1.6,58047.0,UDP,130568,0,252,0,SYN,26965.354000000003,allow,benign
2025-05-10 17:41:40,192.168.1.6,58047.0,2.56.90.85,80.0,UDP,41250,0,217,0,,27139.798,allow,benign
2025-05-10 17:41:41,192.168.1.6,58047.0,2.56.90.85,80.0,UDP,41372,0,218,0,,27356.24,allow,benign
2025-05-10 17:41:41,2.56.90.85,80.0,192.168.1.6,58047.0,UDP,130706,0,253,0,SYN,27352.129,allow,benign
2025-05-10 17:41:41,2.56.90.85,80.0,192.168.1.6,58047.0,UDP,130924,0,254,0,SYN,27366.218,allow,benign
2025-05-10 17:41:41,192.168.1.6,58047.0,2.56.90.85,80.0,UDP,41494,0,219,0,,27543.342,allow,benign
2025-05-10 17:41:41,2.56.90.85,80.0,192.168.1.6,58047.0,UDP,131142,0,255,0,SYN,27666.721,allow,benign
2025-05-10 17:41:41,192.168.1.6,58047.0,2.56.90.85,80.0,UDP,41616,0,220,0,,27851.915,allow,benign
2025-05-10 17:41:42,2.56.90.85,80.0,192.168.1.6,58047.0,UDP,131360,0,256,0,SYN,28316.365,allow,benign
2025-05-10 17:41:42,192.168.1.6,58047.0,2.56.90.85,80.0,UDP,41738,0,221,0,,28487.572,allow,benign
2025-05-10 17:41:42,2.56.90.85,80.0,192.168.1.6,58047.0,UDP,131578,0,257,0,SYN,28365.597,allow,benign
2025-05-10 17:41:42,2.56.90.85,80.0,192.168.1.6,58047.0,UDP,131796,0,258,0,SYN,28416.358,allow,benign
2025-05-10 17:41:42,192.168.1.6,58047.0,2.56.90.85,80.0,UDP,41860,0,222,0,,28548.073,allow,benign
2025-05-10 17:41:42,2.56.90.85,80.0,192.168.1.6,58047.0,UDP,132014,0,259,0,SYN,28971.551000000003,allow,benign
2025-05-10 17:41:42,192.168.1.6,58047.0,2.56.90.85,80.0,UDP,41982,0,223,0,,29137.787,allow,benign
2025-05-10 17:41:43,192.168.1.6,58047.0,2.56.90.85,80.0,UDP,42104,0,224,0,,29168.638000000003,allow,benign
2025-05-10 17:41:43,2.56.90.85,80.0,192.168.1.6,58047.0,UDP,132152,0,260,0,SYN,29085.329,allow,benign
2025-05-10 17:41:43,2.56.90.85,80.0,192.168.1.6,58047.0,UDP,132370,0,261,0,SYN,29115.121,allow,benign
2025-05-10 17:41:43,192.168.1.6,58047.0,2.56.90.85,80.0,UDP,42226,0,225,0,,29293.013,allow,benign
2025-05-10 17:41:43,2.56.90.85,80.0,192.168.1.6,58047.0,UDP,132588,0,262,0,SYN,29269.211,allow,benign
2025-05-10 17:41:43,192.168.1.6,58047.0,2.56.90.85,80.0,UDP,42348,0,226,0,,29447.377,allow,benign
2025-05-10 17:41:43,2.56.90.85,80.0,192.168.1.6,58047.0,UDP,132742,0,263,0,SYN,29529.406000000003,allow,benign
2025-05-10 17:41:43,2.56.90.85,80.0,192.168.1.6,58047.0,UDP,132864,0,264,0,SYN,29530.057,allow,benign
2025-05-10 17:41:43,192.168.1.6,58047.0,2.56.90.85,80.0,UDP,42470,0,227,0,,29661.425000000003,allow,benign
2025-05-10 17:41:44,2.56.90.85,80.0,192.168.1.6,58047.0,UDP,133082,0,265,0,SYN,30165.627,allow,benign
2025-05-10 17:41:44,192.168.1.6,58047.0,2.56.90.85,80.0,UDP,42592,0,228,0,,30347.274,allow,benign
2025-05-10 17:41:44,2.56.90.85,80.0,192.168.1.6,58047.0,UDP,133220,0,266,0,SYN,30410.84,allow,benign
2025-05-10 17:41:44,2.56.90.85,80.0,192.168.1.6,58047.0,UDP,133342,0,267,0,SYN,30413.965,allow,benign
2025-05-10 17:41:44,192.168.1.6,58047.0,2.56.90.85,80.0,UDP,42714,0,229,0,,30545.484,allow,benign
2025-05-10 17:41:44,192.168.1.6,58047.0,2.56.90.85,80.0,UDP,42836,0,230,0,,30609.802,allow,benign
2025-05-10 17:41:44,2.56.90.85,80.0,192.168.1.6,58047.0,UDP,133496,0,268,0,SYN,30497.136,allow,benign
2025-05-10 17:41:44,2.56.90.85,80.0,192.168.1.6,58047.0,UDP,133634,0,269,0,SYN,30497.825,allow,benign
2025-05-10 17:41:44,2.56.90.85,80.0,192.168.1.6,58047.0,UDP,133756,0,270,0,SYN,30498.383,allow,benign
2025-05-10 17:41:44,192.168.1.6,58047.0,2.56.90.85,80.0,UDP,42958,0,231,0,,30629.958,allow,benign
2025-05-10 17:41:44,192.168.1.6,58047.0,2.56.90.85,80.0,UDP,43080,0,232,0,,30630.636,allow,benign
2025-05-10 17:41:44,2.56.90.85,80.0,192.168.1.6,58047.0,UDP,133894,0,271,0,SYN,30526.593,allow,benign
2025-05-10 17:41:44,2.56.90.85,80.0,192.168.1.6,58047.0,UDP,134016,0,272,0,SYN,30578.22,allow,benign
2025-05-10 17:41:44,2.56.90.85,80.0,192.168.1.6,58047.0,UDP,134170,0,273,0,SYN,30997.908,allow,benign
2025-05-10 17:41:44,2.56.90.85,80.0,192.168.1.6,58047.0,UDP,134308,0,274,0,SYN,30998.666,allow,benign
2025-05-10 17:41:44,2.56.90.85,80.0,192.168.1.6,58047.0,UDP,134430,0,275,0,SYN,31009.06,allow,benign
2025-05-10 17:41:44,192.168.1.6,58047.0,2.56.90.85,80.0,UDP,43202,0,233,0,,31141.001,allow,benign
2025-05-10 17:41:44,192.168.1.6,58047.0,2.56.90.85,80.0,UDP,43324,0,234,0,,31141.752,allow,benign
2025-05-10 17:41:45,2.56.90.85,80.0,192.168.1.6,58047.0,UDP,134552,0,276,0,SYN,31061.471,allow,benign
2025-05-10 17:41:45,192.168.1.6,58047.0,2.56.90.85,80.0,UDP,43446,0,235,0,,31227.687,allow,benign
2025-05-10 17:41:45,192.168.1.6,58047.0,2.56.90.85,80.0,UDP,43568,0,236,0,,31242.195,allow,benign
2025-05-10 17:41:45,2.56.90.85,80.0,192.168.1.6,58047.0,UDP,134754,0,277,0,SYN,31114.792,allow,benign
2025-05-10 17:41:45,2.56.90.85,80.0,192.168.1.6,58047.0,UDP,134892,0,278,0,SYN,31144.678,allow,benign
2025-05-10 17:41:45,192.168.1.6,58047.0,2.56.90.85,80.0,UDP,43690,0,237,0,,31288.119,allow,benign
2025-05-10 17:41:45,2.56.90.85,80.0,192.168.1.6,58047.0,UDP,135030,0,279,0,SYN,31235.185,allow,benign
2025-05-10 17:41:45,2.56.90.85,80.0,192.168.1.6,58047.0,UDP,135248,0,280,0,SYN,31266.988,allow,benign
2025-05-10 17:41:45,192.168.1.6,58047.0,2.56.90.85,80.0,UDP,43812,0,238,0,,31441.776,allow,benign
2025-05-10 17:41:45,2.56.90.85,80.0,192.168.1.6,58047.0,UDP,135802,0,281,0,SYN,31315.367,allow,benign
2025-05-10 17:41:45,192.168.1.6,58047.0,2.56.90.85,80.0,UDP,43934,0,239,0,,31488.681,allow,benign
2025-05-10 17:41:45,2.56.90.85,80.0,192.168.1.6,58047.0,UDP,136020,0,282,0,SYN,31415.802,allow,benign
2025-05-10 17:41:45,192.168.1.6,58047.0,2.56.90.85,80.0,UDP,44056,0,240,0,,31597.318000000003,allow,benign
2025-05-10 17:41:45,192.168.1.6,58047.0,2.56.90.85,80.0,UDP,44178,0,241,0,,31612.78,allow,benign
2025-05-10 17:41:45,2.56.90.85,80.0,192.168.1.6,58047.0,UDP,136174,0,283,0,SYN,31482.645,allow,benign
2025-05-10 17:41:45,2.56.90.85,80.0,192.168.1.6,58047.0,UDP,136312,0,284,0,SYN,31483.193,allow,benign
2025-05-10 17:41:45,2.56.90.85,80.0,192.168.1.6,58047.0,UDP,136434,0,285,0,SYN,31483.748,allow,benign
2025-05-10 17:41:45,192.168.1.6,58047.0,2.56.90.85,80.0,UDP,44300,0,242,0,,31615.131,allow,benign
2025-05-10 17:41:45,192.168.1.6,58047.0,2.56.90.85,80.0,UDP,44422,0,243,0,,31615.765,allow,benign
2025-05-10 17:41:45,192.168.1.6,58047.0,2.56.90.85,80.0,UDP,44544,0,244,0,,31616.375,allow,benign
2025-05-10 17:41:45,2.56.90.85,80.0,192.168.1.6,58047.0,UDP,136556,0,286,0,SYN,31528.221,allow,benign
2025-05-10 17:41:45,2.56.90.85,80.0,192.168.1.6,58047.0,UDP,136678,0,287,0,SYN,31537.877,allow,benign
2025-05-10 17:41:45,2.56.90.85,80.0,192.168.1.6,58047.0,UDP,136880,0,288,0,SYN,31665.334000000003,allow,benign
2025-05-10 17:41:45,2.56.90.85,80.0,192.168.1.6,58047.0,UDP,137050,0,289,0,SYN,31702.138000000003,allow,benign
2025-05-10 17:41:45,2.56.90.85,80.0,192.168.1.6,58047.0,UDP,137204,0,290,0,SYN,31702.803,allow,benign
2025-05-10 17:41:45,2.56.90.85,80.0,192.168.1.6,58047.0,UDP,137326,0,291,0,SYN,31703.315,allow,benign
2025-05-10 17:41:45,192.168.1.6,58047.0,2.56.90.85,80.0,UDP,44666,0,245,0,,31834.693000000003,allow,benign
2025-05-10 17:41:45,192.168.1.6,58047.0,2.56.90.85,80.0,UDP,44788,0,246,0,,31835.227,allow,benign
2025-05-10 17:41:45,192.168.1.6,58047.0,2.56.90.85,80.0,UDP,44910,0,247,0,,31845.667,allow,benign
2025-05-10 17:41:45,2.56.90.85,80.0,192.168.1.6,58047.0,UDP,137496,0,292,0,SYN,31752.239,allow,benign
2025-05-10 17:41:45,2.56.90.85,80.0,192.168.1.6,58047.0,UDP,137650,0,293,0,SYN,31752.929,allow,benign
2025-05-10 17:41:45,2.56.90.85,80.0,192.168.1.6,58047.0,UDP,137772,0,294,0,SYN,31753.479,allow,benign
2025-05-10 17:41:45,192.168.1.6,58047.0,2.56.90.85,80.0,UDP,45032,0,248,0,,31884.879,allow,benign
2025-05-10 17:41:45,192.168.1.6,58047.0,2.56.90.85,80.0,UDP,45154,0,249,0,,31885.446000000004,allow,benign
2025-05-10 17:41:45,2.56.90.85,80.0,192.168.1.6,58047.0,UDP,137894,0,295,0,SYN,31878.912,allow,benign
2025-05-10 17:41:45,2.56.90.85,80.0,192.168.1.6,58047.0,UDP,138016,0,296,0,SYN,31933.794,allow,benign
2025-05-10 17:41:46,2.56.90.85,80.0,192.168.1.6,58047.0,UDP,138234,0,297,0,SYN,32114.475,allow,benign
2025-05-10 17:41:46,192.168.1.6,58047.0,2.56.90.85,80.0,UDP,45276,0,250,0,,32297.868,allow,benign
2025-05-10 17:41:46,2.56.90.85,80.0,192.168.1.6,58047.0,UDP,138452,0,298,0,SYN,32815.321,allow,benign
2025-05-10 17:41:46,192.168.1.6,58047.0,2.56.90.85,80.0,UDP,45398,0,251,0,,32991.619,allow,benign
2025-05-10 17:41:47,2.56.90.85,80.0,192.168.1.6,58047.0,UDP,138670,0,299,0,SYN,33164.397000000004,allow,benign
2025-05-10 17:41:47,192.168.1.6,58047.0,2.56.90.85,80.0,UDP,45520,0,252,0,,33348.583,allow,benign
2025-05-10 17:41:47,192.168.1.6,58047.0,2.56.90.85,80.0,UDP,45642,0,253,0,,33999.846,allow,benign
2025-05-10 17:41:47,2.56.90.85,80.0,192.168.1.6,58047.0,UDP,138808,0,300,0,SYN,33917.299,allow,benign
2025-05-10 17:41:48,2.56.90.85,80.0,192.168.1.6,58047.0,UDP,139026,0,301,0,SYN,34265.032,allow,benign
2025-05-10 17:41:48,192.168.1.6,58047.0,2.56.90.85,80.0,UDP,45764,0,254,0,,34448.490999999995,allow,benign
2025-05-10 17:41:49,192.168.1.6,58047.0,2.56.90.85,80.0,UDP,45886,0,255,0,,35533.59,allow,benign
2025-05-10 17:41:49,2.56.90.85,80.0,192.168.1.6,58047.0,UDP,139164,0,302,0,SYN,35456.29,allow,benign
2025-05-10 17:41:49,192.168.1.6,58047.0,2.56.90.85,80.0,UDP,46056,0,256,0,,35812.46,allow,benign
2025-05-10 17:41:49,2.56.90.85,80.0,192.168.1.6,58047.0,UDP,139286,0,303,0,SYN,35774.039000000004,allow,benign
2025-05-10 17:41:50,2.56.90.85,80.0,192.168.1.6,58047.0,UDP,139504,0,304,0,SYN,36465.216,allow,benign
2025-05-10 17:41:50,192.168.1.6,58047.0,2.56.90.85,80.0,UDP,46178,0,257,0,,36650.046,allow,benign
2025-05-10 17:41:50,192.168.1.6,58047.0,2.56.90.85,80.0,UDP,46300,0,258,0,,36917.737,allow,benign
2025-05-10 17:41:50,192.168.1.6,58047.0,2.56.90.85,80.0,UDP,46486,0,259,0,,36989.716,allow,benign
2025-05-10 17:41:50,192.168.1.6,58047.0,2.56.90.85,80.0,UDP,46672,0,260,0,,36990.976,allow,benign
2025-05-10 17:41:50,192.168.1.6,58047.0,2.56.90.85,80.0,UDP,46858,0,261,0,,36992.177,allow,benign
2025-05-10 17:41:50,192.168.1.6,58047.0,2.56.90.85,80.0,UDP,47044,0,262,0,,36993.773,allow,benign
2025-05-10 17:41:50,2.56.90.85,80.0,192.168.1.6,58047.0,UDP,139626,0,305,0,SYN,36910.634,allow,benign
2025-05-10 17:41:50,2.56.90.85,80.0,192.168.1.6,58047.0,UDP,139748,0,306,0,SYN,36913.118,allow,benign
2025-05-10 17:41:50,2.56.90.85,80.0,192.168.1.6,58047.0,UDP,139870,0,307,0,SYN,36913.683,allow,benign
2025-05-10 17:41:50,2.56.90.85,80.0,192.168.1.6,58047.0,UDP,139992,0,308,0,SYN,36914.664,allow,benign
2025-05-10 17:41:51,2.56.90.85,80.0,192.168.1.6,58047.0,UDP,140466,0,309,0,SYN,37115.491,allow,benign
2025-05-10 17:41:51,192.168.1.6,58047.0,2.56.90.85,80.0,UDP,47166,0,263,0,,37287.407,allow,benign
2025-05-10 17:41:51,2.56.90.85,80.0,192.168.1.6,58047.0,UDP,140876,0,310,0,SYN,37165.94,allow,benign
2025-05-10 17:41:51,192.168.1.6,58047.0,2.56.90.85,80.0,UDP,47288,0,264,0,,37349.51,allow,benign
2025-05-10 17:41:51,2.56.90.85,80.0,192.168.1.6,58047.0,UDP,141094,0,311,0,SYN,37275.846000000005,allow,benign
2025-05-10 17:41:51,192.168.1.6,58047.0,2.56.90.85,80.0,UDP,47410,0,265,0,,37441.482,allow,benign
2025-05-10 17:41:51,2.56.90.85,80.0,192.168.1.6,58047.0,UDP,141312,0,312,0,SYN,37366.452000000005,allow,benign
2025-05-10 17:41:51,192.168.1.6,58047.0,2.56.90.85,80.0,UDP,47532,0,266,0,,37551.101,allow,benign
2025-05-10 17:41:51,2.56.90.85,80.0,192.168.1.6,58047.0,UDP,141626,0,313,0,SYN,37564.985,allow,benign
2025-05-10 17:41:51,192.168.1.6,58047.0,2.56.90.85,80.0,UDP,47654,0,267,0,,37751.401,allow,benign
2025-05-10 17:41:51,2.56.90.85,80.0,192.168.1.6,58047.0,UDP,142308,0,314,0,SYN,37816.011000000006,allow,benign
2025-05-10 17:41:51,192.168.1.6,58047.0,2.56.90.85,80.0,UDP,47776,0,268,0,,37998.79,allow,benign
2025-05-10 17:41:54,2.56.90.85,80.0,192.168.1.6,58047.0,UDP,142526,0,315,0,SYN,40066.937000000005,allow,benign
2025-05-10 17:41:54,192.168.1.6,58047.0,2.56.90.85,80.0,UDP,47898,0,269,0,,40246.332,allow,benign
2025-05-10 17:41:54,2.56.90.85,80.0,192.168.1.6,58047.0,UDP,142744,0,316,0,SYN,40215.98,allow,benign
2025-05-10 17:41:54,2.56.90.85,80.0,192.168.1.6,58047.0,UDP,142962,0,317,0,SYN,40265.653,allow,benign
2025-05-10 17:41:54,192.168.1.6,58047.0,2.56.90.85,80.0,UDP,48020,0,270,0,,40397.198,allow,benign
2025-05-10 17:41:54,2.56.90.85,80.0,192.168.1.6,58047.0,UDP,143180,0,318,0,SYN,40616.084,allow,benign
2025-05-10 17:41:54,192.168.1.6,58047.0,2.56.90.85,80.0,UDP,48142,0,271,0,,40790.05,allow,benign
2025-05-10 17:41:54,2.56.90.85,80.0,192.168.1.6,58047.0,UDP,143398,0,319,0,SYN,40665.831,allow,benign
2025-05-10 17:41:54,192.168.1.6,58047.0,2.56.90.85,80.0,UDP,48264,0,272,0,,40837.056,allow,benign
2025-05-10 17:41:55,2.56.90.85,80.0,192.168.1.6,58047.0,UDP,143616,0,320,0,SYN,41265.842,allow,benign
2025-05-10 17:41:55,192.168.1.6,58047.0,2.56.90.85,80.0,UDP,48386,0,273,0,,41444.306,allow,benign
2025-05-10 17:41:56,2.56.90.85,80.0,192.168.1.6,58047.0,UDP,143834,0,321,0,SYN,42265.474,allow,benign
2025-05-10 17:41:56,192.168.1.6,58047.0,2.56.90.85,80.0,UDP,48508,0,274,0,,42439.932,allow,benign
2025-05-10 17:41:56,2.56.90.85,80.0,192.168.1.6,58047.0,UDP,144052,0,322,0,SYN,42475.709,allow,benign
2025-05-10 17:41:56,192.168.1.6,58047.0,2.56.90.85,80.0,UDP,48630,0,275,0,,42657.1,allow,benign
2025-05-10 17:41:56,2.56.90.85,80.0,192.168.1.6,58047.0,UDP,144270,0,323,0,SYN,42577.361,allow,benign
2025-05-10 17:41:56,2.56.90.85,80.0,192.168.1.6,58047.0,UDP,144488,0,324,0,SYN,42615.502,allow,benign
2025-05-10 17:41:56,192.168.1.6,58047.0,2.56.90.85,80.0,UDP,48752,0,276,0,,42747.754,allow,benign
2025-05-10 17:41:57,2.56.90.85,80.0,192.168.1.6,58047.0,UDP,144706,0,325,0,SYN,43865.517,allow,benign
2025-05-10 17:41:57,192.168.1.6,58047.0,2.56.90.85,80.0,UDP,48874,0,277,0,,44050.965,allow,benign
2025-05-10 17:41:58,2.56.90.85,80.0,192.168.1.6,58047.0,UDP,144924,0,326,0,SYN,44069.384,allow,benign
2025-05-10 17:41:58,192.168.1.6,58047.0,2.56.90.85,80.0,UDP,48996,0,278,0,,44251.113,allow,benign
2025-05-10 17:41:58,2.56.90.85,80.0,192.168.1.6,58047.0,UDP,145142,0,327,0,SYN,44316.348,allow,benign
2025-05-10 17:41:58,192.168.1.6,58047.0,2.56.90.85,80.0,UDP,49118,0,279,0,,44500.71,allow,benign
2025-05-10 17:41:58,192.168.1.6,58047.0,2.56.90.85,80.0,UDP,49272,0,280,0,,44763.607,allow,benign
2025-05-10 17:41:58,2.56.90.85,80.0,192.168.1.6,58047.0,UDP,145360,0,328,0,SYN,44681.426,allow,benign
2025-05-10 17:41:59,192.168.1.1,,224.0.0.1,,OTHER,0,60,0,1,,0.001,allow,benign
2025-05-10 17:41:59,192.168.1.13,,224.0.0.251,,OTHER,0,138,0,2,,18821.471,allow,benign
2025-05-10 17:41:59,2.56.90.85,80.0,192.168.1.6,58047.0,UDP,145562,0,329,0,SYN,45715.895,allow,benign
2025-05-10 17:41:59,192.168.1.6,58047.0,2.56.90.85,80.0,UDP,49394,0,281,0,,45897.615000000005,allow,benign
2025-05-10 17:41:59,192.168.1.4,60575.0,239.255.255.250,1900.0,UDP,0,8289,0,17,,39994.122,allow,benign
2025-05-10 17:41:59,192.168.1.4,60575.0,239.255.255.250,1900.0,UDP,0,8759,0,18,,39999.755,allow,benign
2025-05-10 17:41:59,192.168.1.4,60575.0,239.255.255.250,1900.0,UDP,0,9274,0,19,,40000.457,allow,benign
2025-05-10 17:41:59,192.168.1.4,43169.0,239.255.255.250,1900.0,UDP,0,9785,0,20,,40000.991,allow,benign
2025-05-10 17:41:59,2.56.90.85,80.0,192.168.1.6,58047.0,UDP,145732,0,330,0,SYN,45965.187,allow,benign
2025-05-10 17:41:59,192.168.1.6,58047.0,2.56.90.85,80.0,UDP,49516,0,282,0,,46096.773,allow,benign
2025-05-10 17:41:59,192.168.1.4,48479.0,239.255.255.250,1900.0,UDP,0,10246,0,21,,40104.43,allow,benign
2025-05-10 17:41:59,192.168.1.4,48479.0,239.255.255.250,1900.0,UDP,0,10716,0,22,,40105.092,allow,benign
2025-05-10 17:41:59,192.168.1.4,48479.0,239.255.255.250,1900.0,UDP,0,11231,0,23,,40105.759,allow,benign
2025-05-10 17:41:59,192.168.1.4,43679.0,239.255.255.250,1900.0,UDP,0,11742,0,24,,40106.586,allow,benign
2025-05-10 17:42:00,2.56.90.85,80.0,192.168.1.6,58047.0,UDP,145870,0,331,0,SYN,46096.837,allow,benign
2025-05-10 17:42:00,2.56.90.85,80.0,192.168.1.6,58047.0,UDP,145992,0,332,0,SYN,46097.537,allow,benign
2025-05-10 17:42:00,192.168.1.6,58047.0,2.56.90.85,80.0,UDP,49638,0,283,0,,46228.983,allow,benign
2025-05-10 17:42:00,2.56.90.85,80.0,192.168.1.6,58047.0,UDP,146210,0,333,0,SYN,46465.667,allow,benign
2025-05-10 17:42:00,192.168.1.6,58047.0,2.56.90.85,80.0,UDP,49760,0,284,0,,46641.517,allow,benign
2025-05-10 17:42:00,192.168.1.6,58047.0,2.56.90.85,80.0,UDP,50282,0,285,0,,46982.642,allow,benign
2025-05-10 17:42:00,192.168.1.6,58047.0,2.56.90.85,80.0,UDP,50436,0,286,0,,46983.987,allow,benign
2025-05-10 17:42:00,2.56.90.85,80.0,192.168.1.6,58047.0,UDP,146428,0,334,0,SYN,46865.609,allow,benign
2025-05-10 17:42:00,192.168.1.6,58047.0,2.56.90.85,80.0,UDP,50558,0,287,0,,47043.728,allow,benign
2025-05-10 17:42:01,192.168.1.6,58047.0,2.56.90.85,80.0,UDP,50744,0,288,0,,47178.780000000006,allow,benign
2025-05-10 17:42:01,192.168.1.6,58047.0,2.56.90.85,80.0,UDP,50930,0,289,0,,47179.437,allow,benign
2025-05-10 17:42:01,192.168.1.6,58047.0,2.56.90.85,80.0,UDP,51116,0,290,0,,47180.342,allow,benign
2025-05-10 17:42:01,192.168.1.6,58047.0,2.56.90.85,80.0,UDP,51302,0,291,0,,47182.516,allow,benign
2025-05-10 17:42:01,2.56.90.85,80.0,192.168.1.6,58047.0,UDP,146550,0,335,0,SYN,47099.703,allow,benign
2025-05-10 17:42:01,2.56.90.85,80.0,192.168.1.6,58047.0,UDP,146672,0,336,0,SYN,47100.354,allow,benign
2025-05-10 17:42:01,2.56.90.85,80.0,192.168.1.6,58047.0,UDP,146794,0,337,0,SYN,47101.2,allow,benign
2025-05-10 17:42:01,2.56.90.85,80.0,192.168.1.6,58047.0,UDP,146916,0,338,0,SYN,47102.966,allow,benign
2025-05-10 17:42:01,192.168.1.6,58047.0,2.56.90.85,80.0,UDP,51456,0,292,0,,47244.931,allow,benign
2025-05-10 17:42:01,2.56.90.85,80.0,192.168.1.6,58047.0,UDP,147454,0,339,0,SYN,47315.14399999999,allow,benign
2025-05-10 17:42:01,192.168.1.6,58047.0,2.56.90.85,80.0,UDP,51578,0,293,0,,47492.297,allow,benign
2025-05-10 17:42:01,192.168.1.6,58047.0,2.56.90.85,80.0,UDP,51732,0,294,0,,47508.238,allow,benign
2025-05-10 17:42:01,192.168.1.13,,239.255.255.250,,OTHER,0,198,0,3,,21050.899,allow,benign
2025-05-10 17:42:01,192.168.1.6,58047.0,2.56.90.85,80.0,UDP,52318,0,295,0,,47768.095,allow,benign
2025-05-10 17:42:01,192.168.1.6,58047.0,2.56.90.85,80.0,UDP,52856,0,296,0,,47768.929,allow,benign
2025-05-10 17:42:02,2.56.90.85,80.0,192.168.1.6,58047.0,UDP,147720,0,340,0,SYN,48167.362,allow,benign
2025-05-10 17:42:02,192.168.1.6,58047.0,2.56.90.85,80.0,UDP,52978,0,297,0,,48342.27,allow,benign
2025-05-10 17:42:02,2.56.90.85,80.0,192.168.1.6,58047.0,UDP,147938,0,341,0,SYN,48216.228,allow,benign
2025-05-10 17:42:02,192.168.1.6,58047.0,2.56.90.85,80.0,UDP,53100,0,298,0,,48388.286,allow,benign
2025-05-10 17:42:02,2.56.90.85,80.0,192.168.1.6,58047.0,UDP,148140,0,342,0,SYN,48415.392,allow,benign
2025-05-10 17:42:02,192.168.1.6,58047.0,2.56.90.85,80.0,UDP,53222,0,299,0,,48590.786,allow,benign
2025-05-10 17:42:02,192.168.1.13,,224.0.1.187,,OTHER,0,258,0,4,,22190.986,allow,benign
2025-05-10 17:42:02,2.56.90.85,80.0,192.168.1.6,58047.0,UDP,148358,0,343,0,SYN,48715.181,allow,benign
2025-05-10 17:42:02,192.168.1.6,58047.0,2.56.90.85,80.0,UDP,53344,0,300,0,,48901.595,allow,benign
2025-05-10 17:42:03,2.56.90.85,80.0,192.168.1.6,58047.0,UDP,148576,0,344,0,SYN,49615.266,allow,benign
2025-05-10 17:42:03,192.168.1.6,58047.0,2.56.90.85,80.0,UDP,53466,0,301,0,,49801.086,allow,benign
2025-05-10 17:42:03,192.168.1.6,58047.0,2.56.90.85,80.0,UDP,53684,0,302,0,,49971.636,allow,benign
2025-05-10 17:42:03,2.56.90.85,80.0,192.168.1.6,58047.0,UDP,148698,0,345,0,SYN,49947.884000000005,allow,benign
2025-05-10 17:42:04,2.56.90.85,80.0,192.168.1.6,58047.0,UDP,148916,0,346,0,SYN,50265.949,allow,benign
2025-05-10 17:42:04,192.168.1.6,58047.0,2.56.90.85,80.0,UDP,53806,0,303,0,,50450.944,allow,benign
2025-05-10 17:42:04,192.168.1.6,58047.0,2.56.90.85,80.0,UDP,53928,0,304,0,,50512.143,allow,benign
2025-05-10 17:42:04,2.56.90.85,80.0,192.168.1.6,58047.0,UDP,149054,0,347,0,SYN,50507.754,allow,benign
2025-05-10 17:42:04,192.168.1.6,58047.0,2.56.90.85,80.0,UDP,54050,0,305,0,,50835.575,allow,benign
2025-05-10 17:42:04,2.56.90.85,80.0,192.168.1.6,58047.0,UDP,149192,0,348,0,SYN,50750.794,allow,benign
2025-05-10 17:42:04,192.168.1.6,58047.0,2.56.90.85,80.0,UDP,54172,0,306,0,,51051.676,allow,benign
2025-05-10 17:42:04,2.56.90.85,80.0,192.168.1.6,58047.0,UDP,149330,0,349,0,SYN,50983.507000000005,allow,benign
2025-05-10 17:42:05,2.56.90.85,80.0,192.168.1.6,58047.0,UDP,149548,0,350,0,SYN,51064.864,allow,benign
2025-05-10 17:42:05,192.168.1.6,58047.0,2.56.90.85,80.0,UDP,54294,0,307,0,,51240.78999999999,allow,benign
2025-05-10 17:42:05,2.56.90.85,80.0,192.168.1.6,58047.0,UDP,149766,0,351,0,SYN,51365.863,allow,benign
2025-05-10 17:42:05,192.168.1.6,58047.0,2.56.90.85,80.0,UDP,54416,0,308,0,,51549.767,allow,benign
2025-05-10 17:42:05,192.168.1.6,58047.0,2.56.90.85,80.0,UDP,54538,0,309,0,,51705.718,allow,benign
2025-05-10 17:42:05,2.56.90.85,80.0,192.168.1.6,58047.0,UDP,149904,0,352,0,SYN,51629.541000000005,allow,benign
2025-05-10 17:42:05,192.168.1.6,58047.0,2.56.90.85,80.0,UDP,54660,0,310,0,,51782.264,allow,benign
2025-05-10 17:42:05,2.56.90.85,80.0,192.168.1.6,58047.0,UDP,150042,0,353,0,SYN,51697.874,allow,benign
2025-05-10 17:42:05,2.56.90.85,80.0,192.168.1.6,58047.0,UDP,150260,0,354,0,SYN,51714.376,allow,benign
2025-05-10 17:42:05,192.168.1.6,58047.0,2.56.90.85,80.0,UDP,54782,0,311,0,,51890.228,allow,benign
2025-05-10 17:42:05,192.168.1.6,58047.0,2.56.90.85,80.0,UDP,54904,0,312,0,,51936.52,allow,benign
2025-05-10 17:42:05,2.56.90.85,80.0,192.168.1.6,58047.0,UDP,150414,0,355,0,SYN,51817.751,allow,benign
2025-05-10 17:42:05,2.56.90.85,80.0,192.168.1.6,58047.0,UDP,150600,0,356,0,SYN,51818.508,allow,benign
2025-05-10 17:42:05,192.168.1.6,58047.0,2.56.90.85,80.0,UDP,55026,0,313,0,,51949.925,allow,benign
2025-05-10 17:42:05,192.168.1.6,58047.0,2.56.90.85,80.0,UDP,55148,0,314,0,,51967.25,allow,benign
2025-05-10 17:42:05,2.56.90.85,80.0,192.168.1.6,58047.0,UDP,150738,0,357,0,SYN,51853.654,allow,benign
2025-05-10 17:42:05,2.56.90.85,80.0,192.168.1.6,58047.0,UDP,150956,0,358,0,SYN,51865.994,allow,benign
2025-05-10 17:42:05,2.56.90.85,80.0,192.168.1.6,58047.0,UDP,151094,0,359,0,SYN,51884.72,allow,benign
2025-05-10 17:42:05,192.168.1.6,58047.0,2.56.90.85,80.0,UDP,55270,0,315,0,,52046.322,allow,benign
2025-05-10 17:42:06,2.56.90.85,80.0,192.168.1.6,58047.0,UDP,151312,0,360,0,SYN,52167.225,allow,benign
2025-05-10 17:42:06,192.168.1.6,58047.0,2.56.90.85,80.0,UDP,55392,0,316,0,,52342.073,allow,benign
2025-05-10 17:42:06,192.168.1.6,58047.0,2.56.90.85,80.0,UDP,55514,0,317,0,,52388.844,allow,benign
2025-05-10 17:42:06,192.168.1.6,58047.0,2.56.90.85,80.0,UDP,55636,0,318,0,,52389.594000000005,allow,benign
2025-05-10 17:42:06,192.168.1.6,58047.0,2.56.90.85,80.0,UDP,55758,0,319,0,,52390.134000000005,allow,benign
2025-05-10 17:42:06,2.56.90.85,80.0,192.168.1.6,58047.0,UDP,151450,0,361,0,SYN,52304.567,allow,benign
2025-05-10 17:42:06,2.56.90.85,80.0,192.168.1.6,58047.0,UDP,151588,0,362,0,SYN,52305.278,allow,benign
2025-05-10 17:42:06,2.56.90.85,80.0,192.168.1.6,58047.0,UDP,151710,0,363,0,SYN,52305.833,allow,benign
2025-05-10 17:42:06,192.168.1.6,58047.0,2.56.90.85,80.0,UDP,55880,0,320,0,,52437.221,allow,benign
2025-05-10 17:42:06,2.56.90.85,80.0,192.168.1.6,58047.0,UDP,151848,0,364,0,SYN,52306.895,allow,benign
2025-05-10 17:42:06,2.56.90.85,80.0,192.168.1.6,58047.0,UDP,151970,0,365,0,SYN,52307.404,allow,benign
2025-05-10 17:42:06,192.168.1.6,58047.0,2.56.90.85,80.0,UDP,56002,0,321,0,,52438.911,allow,benign
2025-05-10 17:42:06,192.168.1.6,58047.0,2.56.90.85,80.0,UDP,56140,0,322,0,,52527.629,allow,benign
2025-05-10 17:42:06,2.56.90.85,80.0,192.168.1.6,58047.0,UDP,152124,0,366,0,SYN,52450.809,allow,benign
2025-05-10 17:42:06,192.168.1.6,58047.0,2.56.90.85,80.0,UDP,57494,0,323,0,,52583.386,allow,benign
2025-05-10 17:42:06,192.168.1.6,58047.0,2.56.90.85,80.0,UDP,58848,0,324,0,,52586.64,allow,benign
2025-05-10 17:42:06,192.168.1.6,58047.0,2.56.90.85,80.0,UDP,59034,0,325,0,,52587.61,allow,benign
2025-05-10 17:42:06,2.56.90.85,80.0,192.168.1.6,58047.0,UDP,152278,0,367,0,SYN,52519.173,allow,benign
2025-05-10 17:42:06,2.56.90.85,80.0,192.168.1.6,58047.0,UDP,153632,0,368,0,SYN,52525.822,allow,benign
2025-05-10 17:42:06,2.56.90.85,80.0,192.168.1.6,58047.0,UDP,154986,0,369,0,SYN,52526.71200000001,allow,benign
2025-05-10 17:42:06,2.56.90.85,80.0,192.168.1.6,58047.0,UDP,155508,0,370,0,SYN,52527.359,allow,benign
2025-05-10 17:42:06,2.56.90.85,80.0,192.168.1.6,58047.0,UDP,156462,0,371,0,SYN,52527.962,allow,benign
2025-05-10 17:42:06,2.56.90.85,80.0,192.168.1.6,58047.0,UDP,156760,0,372,0,SYN,52528.564000000006,allow,benign
2025-05-10 17:42:06,192.168.1.6,58047.0,2.56.90.85,80.0,UDP,59220,0,326,0,,52660.262,allow,benign
2025-05-10 17:42:06,192.168.1.6,58047.0,2.56.90.85,80.0,UDP,59358,0,327,0,,52661.18199999999,allow,benign
2025-05-10 17:42:06,2.56.90.85,80.0,192.168.1.6,58047.0,UDP,156898,0,373,0,SYN,52543.425,allow,benign
2025-05-10 17:42:06,192.168.1.6,58047.0,2.56.90.85,80.0,UDP,59496,0,328,0,,52696.179,allow,benign
2025-05-10 17:42:06,2.56.90.85,80.0,192.168.1.6,58047.0,UDP,157132,0,374,0,SYN,52574.315,allow,benign
2025-05-10 17:42:06,192.168.1.6,58047.0,2.56.90.85,80.0,UDP,59618,0,329,0,,52711.207,allow,benign
2025-05-10 17:42:06,192.168.1.6,58047.0,2.56.90.85,80.0,UDP,59756,0,330,0,,52742.048,allow,benign
2025-05-10 17:42:06,2.56.90.85,80.0,192.168.1.6,58047.0,UDP,157350,0,375,0,SYN,52816.812,allow,benign
2025-05-10 17:42:06,192.168.1.6,58047.0,2.56.90.85,80.0,UDP,59878,0,331,0,,52988.447,allow,benign
2025-05-10 17:42:06,192.168.1.6,58047.0,2.56.90.85,80.0,UDP,60000,0,332,0,,53127.833000000006,allow,benign
2025-05-10 17:42:07,2.56.90.85,80.0,192.168.1.6,58047.0,UDP,157488,0,376,0,SYN,53054.592,allow,benign
2025-05-10 17:42:07,192.168.1.6,58047.0,2.56.90.85,80.0,UDP,60122,0,333,0,,53233.736,allow,benign
2025-05-10 17:42:07,2.56.90.85,80.0,192.168.1.6,58047.0,UDP,157626,0,377,0,SYN,53148.817,allow,benign
2025-05-10 17:42:07,192.168.1.6,58047.0,2.56.90.85,80.0,UDP,60244,0,334,0,,53577.503,allow,benign
2025-05-10 17:42:07,2.56.90.85,80.0,192.168.1.6,58047.0,UDP,157764,0,378,0,SYN,53493.219000000005,allow,benign
2025-05-10 17:42:07,2.56.90.85,80.0,192.168.1.6,58047.0,UDP,157966,0,379,0,SYN,53716.108,allow,benign
2025-05-10 17:42:07,192.168.1.6,58047.0,2.56.90.85,80.0,UDP,60366,0,335,0,,53900.578,allow,benign
2025-05-10 17:42:07,192.168.1.6,58047.0,2.56.90.85,80.0,UDP,60488,0,336,0,,54055.748,allow,benign
2025-05-10 17:42:07,192.168.1.6,58047.0,2.56.90.85,80.0,UDP,60610,0,337,0,,54102.407,allow,benign
2025-05-10 17:42:07,2.56.90.85,80.0,192.168.1.6,58047.0,UDP,158104,0,380,0,SYN,53972.968,allow,benign
2025-05-10 17:42:07,2.56.90.85,80.0,192.168.1.6,58047.0,UDP,158242,0,381,0,SYN,54017.676,allow,benign
2025-05-10 17:42:08,2.56.90.85,80.0,192.168.1.6,58047.0,UDP,158364,0,382,0,SYN,54727.171,allow,benign
2025-05-10 17:42:08,192.168.1.13,,192.168.1.6,,ICMP,158430,0,383,0,SYN,54827.114,allow,benign
2025-05-10 17:42:09,192.168.1.6,58047.0,2.56.90.85,80.0,UDP,60732,0,338,0,,55185.722,allow,benign
2025-05-10 17:42:09,2.56.90.85,80.0,192.168.1.6,58047.0,UDP,158568,0,384,0,SYN,55102.275,allow,benign
2025-05-10 17:42:09,2.56.90.85,80.0,192.168.1.6,58047.0,UDP,158786,0,385,0,SYN,55120.535,allow,benign
2025-05-10 17:42:09,192.168.1.6,58047.0,2.56.90.85,80.0,UDP,60854,0,339,0,,55294.215,allow,benign
2025-05-10 17:42:09,2.56.90.85,80,192.168.1.6,58047,UDP,159004,0,386,0,SYN,55817.577999999994,Allow
2025-05-10 17:42:09,192.168.1.6,58047,2.56.90.85,80,UDP,60976,0,340,0,,55989.907,Allow
2025-05-10 17:42:09,2.56.90.85,80,192.168.1.6,58047,UDP,159206,0,387,0,SYN,55965.017,Allow
2025-05-10 17:42:09,192.168.1.6,58047,2.56.90.85,80,UDP,61098,0,341,0,,56143.367,Allow
2025-05-10 17:42:10,2.56.90.85,80,192.168.1.6,58047,UDP,159424,0,388,0,SYN,56298.962,Allow
2025-05-10 17:42:10,192.168.1.6,58047,2.56.90.85,80,UDP,61220,0,342,0,,56440.625,Allow
2025-05-10 17:42:10,2.56.90.85,80,192.168.1.6,58047,UDP,159642,0,389,0,SYN,56364.844,Allow
2025-05-10 17:42:10,192.168.1.6,58047,2.56.90.85,80,UDP,61342,0,343,0,,56548.345,Allow
2025-05-10 17:42:10,2.56.90.85,80,192.168.1.6,58047,UDP,159860,0,390,0,SYN,56668.064,Allow
2025-05-10 17:42:10,192.168.1.6,58047,2.56.90.85,80,UDP,61464,0,344,0,,56845.384000000005,Allow
2025-05-10 17:42:10,2.56.90.85,80,192.168.1.6,58047,UDP,160078,0,391,0,SYN,56915.143000000004,Allow
2025-05-10 17:42:10,192.168.1.6,58047,2.56.90.85,80,UDP,61586,0,345,0,,57094.723000000005,Allow
2025-05-10 17:42:10,2.56.90.85,80,192.168.1.6,58047,UDP,160280,0,392,0,SYN,56966.805,Allow
2025-05-10 17:42:10,192.168.1.6,58047,2.56.90.85,80,UDP,61708,0,346,0,,57141.606,Allow
2025-05-10 17:42:11,192.168.1.6,58047,2.56.90.85,80,UDP,61894,0,347,0,,57315.138,Allow
2025-05-10 17:42:11,192.168.1.6,58047,2.56.90.85,80,UDP,62080,0,348,0,,57315.931,Allow
2025-05-10 17:42:11,192.168.1.6,58047,2.56.90.85,80,UDP,62266,0,349,0,,57316.693999999996,Allow
2025-05-10 17:42:11,192.168.1.6,58047,2.56.90.85,80,UDP,62452,0,350,0,,57319.257999999994,Allow
2025-05-10 17:42:11,2.56.90.85,80,192.168.1.6,58047,UDP,160402,0,393,0,SYN,57236.289,Allow
2025-05-10 17:42:11,2.56.90.85,80,192.168.1.6,58047,UDP,160524,0,394,0,SYN,57236.954,Allow
2025-05-10 17:42:11,2.56.90.85,80,192.168.1.6,58047,UDP,160646,0,395,0,SYN,57238.479,Allow
2025-05-10 17:42:11,2.56.90.85,80,192.168.1.6,58047,UDP,160768,0,396,0,SYN,57239.759999999995,Allow
2025-05-10 17:42:11,2.56.90.85,80,192.168.1.6,58047,UDP,161306,0,397,0,SYN,57465.748,Allow
2025-05-10 17:42:11,192.168.1.6,58047,2.56.90.85,80,UDP,62574,0,351,0,,57639.787,Allow
2025-05-10 17:42:11,192.168.1.6,58047,2.56.90.85,80,UDP,62696,0,352,0,,57714.713,Allow
2025-05-10 17:42:11,2.56.90.85,80,192.168.1.6,58047,UDP,161844,0,398,0,SYN,57616.157999999996,Allow
2025-05-10 17:42:11,2.56.90.85,80,192.168.1.6,58047,UDP,161982,0,399,0,SYN,57646.082,Allow
2025-05-10 17:42:11,192.168.1.6,58047,2.56.90.85,80,UDP,62818,0,353,0,,57791.475,Allow
2025-05-10 17:42:12,2.56.90.85,80,192.168.1.6,58047,UDP,162200,0,400,0,SYN,58365.458,Allow
2025-05-10 17:42:12,192.168.1.6,58047,2.56.90.85,80,UDP,62940,0,354,0,,58538.364,Allow
2025-05-10 17:42:12,192.168.1.6,58047,2.56.90.85,80,UDP,63062,0,355,0,,58740.076,Allow
2025-05-10 17:42:12,2.56.90.85,80,192.168.1.6,58047,UDP,162338,0,401,0,SYN,58655.486000000004,Allow
